2026-09-26 11:56:34 [background-preinit] INFO  o.h.validator.internal.util.Version - HV000001: Hibernate Validator 8.0.1.Final
2026-09-26 11:56:34 [main] INFO  c.n.e.EmployeeCvApplication - Starting EmployeeCvApplication using Java 25.0.2 with PID 72686 (/Users/sopheak/IdeaProjects/employee_cv/target/classes started by sopheak in /Users/sopheak/IdeaProjects/employee_cv)
2026-09-26 11:56:34 [main] INFO  c.n.e.EmployeeCvApplication - No active profile set, falling back to 1 default profile: "dev"
2026-09-26 11:56:35 [main] INFO  o.s.d.r.c.RepositoryConfigurationDelegate - Bootstrapping Spring Data JPA repositories in DEFAULT mode.
2026-09-26 11:56:35 [main] INFO  o.s.d.r.c.RepositoryConfigurationDelegate - Finished Spring Data repository scanning in 39 ms. Found 34 JPA repository interfaces.
2026-09-26 11:56:35 [main] INFO  o.s.b.w.e.tomcat.TomcatWebServer - Tomcat initialized with port 8080 (http)
2026-09-26 11:56:35 [main] INFO  o.a.coyote.http11.Http11NioProtocol - Initializing ProtocolHandler ["http-nio-8080"]
2026-09-26 11:56:35 [main] INFO  o.a.catalina.core.StandardService - Starting service [Tomcat]
2026-09-26 11:56:35 [main] INFO  o.a.catalina.core.StandardEngine - Starting Servlet engine: [Apache Tomcat/10.1.19]
2026-09-26 11:56:35 [main] INFO  o.a.c.c.C.[Tomcat].[localhost].[/] - Initializing Spring embedded WebApplicationContext
2026-09-26 11:56:35 [main] INFO  o.s.b.w.s.c.ServletWebServerApplicationContext - Root WebApplicationContext: initialization completed in 640 ms
2026-09-26 11:56:35 [main] INFO  com.zaxxer.hikari.HikariDataSource - HikariPool-1 - Starting...
2026-09-26 11:56:35 [main] INFO  com.zaxxer.hikari.pool.HikariPool - HikariPool-1 - Added connection org.postgresql.jdbc.PgConnection@70022d44
2026-09-26 11:56:35 [main] INFO  com.zaxxer.hikari.HikariDataSource - HikariPool-1 - Start completed.
2026-09-26 11:56:35 [main] INFO  o.f.c.i.license.VersionPrinter - Flyway Community Edition 9.22.3 by Redgate
2026-09-26 11:56:35 [main] INFO  o.f.c.i.license.VersionPrinter - See release notes here: https://rd.gt/416ObMi
2026-09-26 11:56:35 [main] INFO  o.f.c.i.license.VersionPrinter - 
2026-09-26 11:56:35 [main] INFO  org.flywaydb.core.FlywayExecutor - Database: jdbc:postgresql://localhost:5432/officer_cv (PostgreSQL 18.2)
2026-09-26 11:56:35 [main] WARN  o.f.c.i.database.base.Database - Flyway upgrade recommended: PostgreSQL 18.2 is newer than this version of Flyway and support has not been tested. The latest supported version of PostgreSQL is 15.
2026-09-26 11:56:35 [main] INFO  o.f.core.internal.command.DbValidate - Successfully validated 5 migrations (execution time 00:00.016s)
2026-09-26 11:56:35 [main] INFO  o.f.core.internal.command.DbMigrate - Current version of schema "public": 5
2026-09-26 11:56:35 [main] INFO  o.f.core.internal.command.DbMigrate - Schema "public" is up to date. No migration necessary.
2026-09-26 11:56:35 [main] INFO  o.h.jpa.internal.util.LogHelper - HHH000204: Processing PersistenceUnitInfo [name: default]
2026-09-26 11:56:35 [main] INFO  org.hibernate.Version - HHH000412: Hibernate ORM core version 6.4.4.Final
2026-09-26 11:56:35 [main] INFO  o.h.c.i.RegionFactoryInitiator - HHH000026: Second-level cache disabled
2026-09-26 11:56:36 [main] INFO  o.s.o.j.p.SpringPersistenceUnitInfo - No LoadTimeWeaver setup: ignoring JPA class transformer
2026-09-26 11:56:36 [main] INFO  o.h.e.t.j.p.i.JtaPlatformInitiator - HHH000489: No JTA platform available (set 'hibernate.transaction.jta.platform' to enable JTA platform integration)
2026-09-26 11:56:36 [main] INFO  o.hibernate.orm.connections.access - HHH10001501: Connection obtained from JdbcConnectionAccess [org.hibernate.engine.jdbc.env.internal.JdbcEnvironmentInitiator$ConnectionProviderJdbcConnectionAccess@13e76a91] for (non-JTA) DDL execution was not in auto-commit mode; the Connection 'local transaction' will be committed and the Connection will be set into auto-commit mode.
2026-09-26 11:56:36 [main] INFO  o.s.o.j.LocalContainerEntityManagerFactoryBean - Initialized JPA EntityManagerFactory for persistence unit 'default'
2026-09-26 11:56:36 [main] INFO  o.s.d.j.r.query.QueryEnhancerFactory - Hibernate is in classpath; If applicable, HQL parser will be used.
2026-09-26 11:56:37 [main] INFO  o.s.b.a.e.web.EndpointLinksResolver - Exposing 2 endpoint(s) beneath base path '/actuator'
2026-09-26 11:56:37 [main] INFO  o.s.s.web.DefaultSecurityFilterChain - Will secure any request with [org.springframework.security.web.session.DisableEncodeUrlFilter@5e3569e8, org.springframework.security.web.context.request.async.WebAsyncManagerIntegrationFilter@7925da37, org.springframework.security.web.context.SecurityContextHolderFilter@3fb39d03, org.springframework.security.web.header.HeaderWriterFilter@5ca37208, org.springframework.web.filter.CorsFilter@7e051d8e, org.springframework.security.web.authentication.logout.LogoutFilter@70e62b40, com.noc.employee_cv.security.LoginRateLimitFilter@2bed7200, com.noc.employee_cv.security.JwtFilter@1007c1c9, org.springframework.security.web.savedrequest.RequestCacheAwareFilter@766ad386, org.springframework.security.web.servletapi.SecurityContextHolderAwareRequestFilter@29b99c50, org.springframework.security.web.authentication.AnonymousAuthenticationFilter@7624028, org.springframework.security.web.session.SessionManagementFilter@4a3eee8e, org.springframework.security.web.access.ExceptionTranslationFilter@35af2487, org.springframework.security.web.access.intercept.AuthorizationFilter@72752c99]
2026-09-26 11:56:38 [main] INFO  o.a.coyote.http11.Http11NioProtocol - Starting ProtocolHandler ["http-nio-8080"]
2026-09-26 11:56:38 [main] INFO  o.s.b.w.e.tomcat.TomcatWebServer - Tomcat started on port 8080 (http) with context path ''
2026-09-26 11:56:38 [main] INFO  c.n.e.EmployeeCvApplication - Started EmployeeCvApplication in 3.597 seconds (process running for 3.972)
2026-09-26 11:56:38 [RMI TCP Connection(3)-192.168.31.175] INFO  o.a.c.c.C.[Tomcat].[localhost].[/] - Initializing Spring DispatcherServlet 'dispatcherServlet'
2026-09-26 11:56:38 [RMI TCP Connection(3)-192.168.31.175] INFO  o.s.web.servlet.DispatcherServlet - Initializing Servlet 'dispatcherServlet'
2026-09-26 11:56:38 [RMI TCP Connection(3)-192.168.31.175] INFO  o.s.web.servlet.DispatcherServlet - Completed initialization in 2 ms
2026-09-26 12:02:22 [SpringApplicationShutdownHook] INFO  o.s.o.j.LocalContainerEntityManagerFactoryBean - Closing JPA EntityManagerFactory for persistence unit 'default'
2026-09-26 12:02:22 [SpringApplicationShutdownHook] INFO  com.zaxxer.hikari.HikariDataSource - HikariPool-1 - Shutdown initiated...
2026-09-26 12:02:22 [SpringApplicationShutdownHook] INFO  com.zaxxer.hikari.HikariDataSource - HikariPool-1 - Shutdown completed.
2026-09-26 12:02:23 [background-preinit] INFO  o.h.validator.internal.util.Version - HV000001: Hibernate Validator 8.0.1.Final
2026-09-26 12:02:23 [main] INFO  c.n.e.EmployeeCvApplication - Starting EmployeeCvApplication using Java 25.0.2 with PID 73986 (/Users/sopheak/IdeaProjects/employee_cv/target/classes started by sopheak in /Users/sopheak/IdeaProjects/employee_cv)
2026-09-26 12:02:23 [main] INFO  c.n.e.EmployeeCvApplication - No active profile set, falling back to 1 default profile: "dev"
2026-09-26 12:02:23 [main] INFO  o.s.d.r.c.RepositoryConfigurationDelegate - Bootstrapping Spring Data JPA repositories in DEFAULT mode.
2026-09-26 12:02:23 [main] INFO  o.s.d.r.c.RepositoryConfigurationDelegate - Finished Spring Data repository scanning in 36 ms. Found 34 JPA repository interfaces.
2026-09-26 12:02:24 [main] INFO  o.s.b.w.e.tomcat.TomcatWebServer - Tomcat initialized with port 8080 (http)
2026-09-26 12:02:24 [main] INFO  o.a.coyote.http11.Http11NioProtocol - Initializing ProtocolHandler ["http-nio-8080"]
2026-09-26 12:02:24 [main] INFO  o.a.catalina.core.StandardService - Starting service [Tomcat]
2026-09-26 12:02:24 [main] INFO  o.a.catalina.core.StandardEngine - Starting Servlet engine: [Apache Tomcat/10.1.19]
2026-09-26 12:02:24 [main] INFO  o.a.c.c.C.[Tomcat].[localhost].[/] - Initializing Spring embedded WebApplicationContext
2026-09-26 12:02:24 [main] INFO  o.s.b.w.s.c.ServletWebServerApplicationContext - Root WebApplicationContext: initialization completed in 667 ms
2026-09-26 12:02:24 [main] INFO  com.zaxxer.hikari.HikariDataSource - HikariPool-1 - Starting...
2026-09-26 12:02:24 [main] INFO  com.zaxxer.hikari.pool.HikariPool - HikariPool-1 - Added connection org.postgresql.jdbc.PgConnection@459bf87c
2026-09-26 12:02:24 [main] INFO  com.zaxxer.hikari.HikariDataSource - HikariPool-1 - Start completed.
2026-09-26 12:02:24 [main] INFO  o.f.c.i.license.VersionPrinter - Flyway Community Edition 9.22.3 by Redgate
2026-09-26 12:02:24 [main] INFO  o.f.c.i.license.VersionPrinter - See release notes here: https://rd.gt/416ObMi
2026-09-26 12:02:24 [main] INFO  o.f.c.i.license.VersionPrinter - 
2026-09-26 12:02:24 [main] INFO  org.flywaydb.core.FlywayExecutor - Database: jdbc:postgresql://localhost:5432/officer_cv (PostgreSQL 18.2)
2026-09-26 12:02:24 [main] WARN  o.f.c.i.database.base.Database - Flyway upgrade recommended: PostgreSQL 18.2 is newer than this version of Flyway and support has not been tested. The latest supported version of PostgreSQL is 15.
2026-09-26 12:02:24 [main] INFO  o.f.core.internal.command.DbValidate - Successfully validated 5 migrations (execution time 00:00.009s)
2026-09-26 12:02:24 [main] INFO  o.f.core.internal.command.DbMigrate - Current version of schema "public": 5
2026-09-26 12:02:24 [main] INFO  o.f.core.internal.command.DbMigrate - Schema "public" is up to date. No migration necessary.
2026-09-26 12:02:24 [main] INFO  o.h.jpa.internal.util.LogHelper - HHH000204: Processing PersistenceUnitInfo [name: default]
2026-09-26 12:02:24 [main] INFO  org.hibernate.Version - HHH000412: Hibernate ORM core version 6.4.4.Final
2026-09-26 12:02:24 [main] INFO  o.h.c.i.RegionFactoryInitiator - HHH000026: Second-level cache disabled
2026-09-26 12:02:24 [main] INFO  o.s.o.j.p.SpringPersistenceUnitInfo - No LoadTimeWeaver setup: ignoring JPA class transformer
2026-09-26 12:02:24 [main] INFO  o.h.e.t.j.p.i.JtaPlatformInitiator - HHH000489: No JTA platform available (set 'hibernate.transaction.jta.platform' to enable JTA platform integration)
2026-09-26 12:02:24 [main] INFO  o.hibernate.orm.connections.access - HHH10001501: Connection obtained from JdbcConnectionAccess [org.hibernate.engine.jdbc.env.internal.JdbcEnvironmentInitiator$ConnectionProviderJdbcConnectionAccess@4300b54c] for (non-JTA) DDL execution was not in auto-commit mode; the Connection 'local transaction' will be committed and the Connection will be set into auto-commit mode.
2026-09-26 12:02:25 [main] INFO  o.s.o.j.LocalContainerEntityManagerFactoryBean - Initialized JPA EntityManagerFactory for persistence unit 'default'
2026-09-26 12:02:25 [main] INFO  o.s.d.j.r.query.QueryEnhancerFactory - Hibernate is in classpath; If applicable, HQL parser will be used.
2026-09-26 12:02:26 [main] INFO  o.s.b.a.e.web.EndpointLinksResolver - Exposing 2 endpoint(s) beneath base path '/actuator'
2026-09-26 12:02:26 [main] INFO  o.s.s.web.DefaultSecurityFilterChain - Will secure any request with [org.springframework.security.web.session.DisableEncodeUrlFilter@72ecd5ce, org.springframework.security.web.context.request.async.WebAsyncManagerIntegrationFilter@42150b17, org.springframework.security.web.context.SecurityContextHolderFilter@734ab79, org.springframework.security.web.header.HeaderWriterFilter@29b99c50, org.springframework.web.filter.CorsFilter@2f31b227, org.springframework.security.web.authentication.logout.LogoutFilter@7925da37, com.noc.employee_cv.security.LoginRateLimitFilter@2d7df0d0, com.noc.employee_cv.security.JwtFilter@5650911e, org.springframework.security.web.savedrequest.RequestCacheAwareFilter@1e413ced, org.springframework.security.web.servletapi.SecurityContextHolderAwareRequestFilter@24c8fc5c, org.springframework.security.web.authentication.AnonymousAuthenticationFilter@541dd65d, org.springframework.security.web.session.SessionManagementFilter@391e3c75, org.springframework.security.web.access.ExceptionTranslationFilter@564e48a7, org.springframework.security.web.access.intercept.AuthorizationFilter@2b463a42]
2026-09-26 12:02:26 [main] INFO  o.a.coyote.http11.Http11NioProtocol - Starting ProtocolHandler ["http-nio-8080"]
2026-09-26 12:02:26 [main] INFO  o.s.b.w.e.tomcat.TomcatWebServer - Tomcat started on port 8080 (http) with context path ''
2026-09-26 12:02:26 [main] INFO  c.n.e.EmployeeCvApplication - Started EmployeeCvApplication in 3.378 seconds (process running for 3.679)
2026-09-26 12:02:27 [RMI TCP Connection(3)-192.168.31.175] INFO  o.a.c.c.C.[Tomcat].[localhost].[/] - Initializing Spring DispatcherServlet 'dispatcherServlet'
2026-09-26 12:02:27 [RMI TCP Connection(3)-192.168.31.175] INFO  o.s.web.servlet.DispatcherServlet - Initializing Servlet 'dispatcherServlet'
2026-09-26 12:02:27 [RMI TCP Connection(3)-192.168.31.175] INFO  o.s.web.servlet.DispatcherServlet - Completed initialization in 1 ms
2026-09-26 12:09:50 [SpringApplicationShutdownHook] INFO  o.s.o.j.LocalContainerEntityManagerFactoryBean - Closing JPA EntityManagerFactory for persistence unit 'default'
2026-09-26 12:09:50 [SpringApplicationShutdownHook] INFO  com.zaxxer.hikari.HikariDataSource - HikariPool-1 - Shutdown initiated...
2026-09-26 12:09:50 [SpringApplicationShutdownHook] INFO  com.zaxxer.hikari.HikariDataSource - HikariPool-1 - Shutdown completed.
2026-09-26 12:09:51 [background-preinit] INFO  o.h.validator.internal.util.Version - HV000001: Hibernate Validator 8.0.1.Final
2026-09-26 12:09:51 [main] INFO  c.n.e.EmployeeCvApplication - Starting EmployeeCvApplication using Java 25.0.2 with PID 75501 (/Users/sopheak/IdeaProjects/employee_cv/target/classes started by sopheak in /Users/sopheak/IdeaProjects/employee_cv)
2026-09-26 12:09:51 [main] INFO  c.n.e.EmployeeCvApplication - No active profile set, falling back to 1 default profile: "dev"
2026-09-26 12:09:51 [main] INFO  o.s.d.r.c.RepositoryConfigurationDelegate - Bootstrapping Spring Data JPA repositories in DEFAULT mode.
2026-09-26 12:09:51 [main] INFO  o.s.d.r.c.RepositoryConfigurationDelegate - Finished Spring Data repository scanning in 34 ms. Found 34 JPA repository interfaces.
2026-09-26 12:09:52 [main] INFO  o.s.b.w.e.tomcat.TomcatWebServer - Tomcat initialized with port 8080 (http)
2026-09-26 12:09:52 [main] INFO  o.a.coyote.http11.Http11NioProtocol - Initializing ProtocolHandler ["http-nio-8080"]
2026-09-26 12:09:52 [main] INFO  o.a.catalina.core.StandardService - Starting service [Tomcat]
2026-09-26 12:09:52 [main] INFO  o.a.catalina.core.StandardEngine - Starting Servlet engine: [Apache Tomcat/10.1.19]
2026-09-26 12:09:52 [main] INFO  o.a.c.c.C.[Tomcat].[localhost].[/] - Initializing Spring embedded WebApplicationContext
2026-09-26 12:09:52 [main] INFO  o.s.b.w.s.c.ServletWebServerApplicationContext - Root WebApplicationContext: initialization completed in 576 ms
2026-09-26 12:09:52 [main] INFO  com.zaxxer.hikari.HikariDataSource - HikariPool-1 - Starting...
2026-09-26 12:09:52 [main] INFO  com.zaxxer.hikari.pool.HikariPool - HikariPool-1 - Added connection org.postgresql.jdbc.PgConnection@6fd9dbe6
2026-09-26 12:09:52 [main] INFO  com.zaxxer.hikari.HikariDataSource - HikariPool-1 - Start completed.
2026-09-26 12:09:52 [main] INFO  o.f.c.i.license.VersionPrinter - Flyway Community Edition 9.22.3 by Redgate
2026-09-26 12:09:52 [main] INFO  o.f.c.i.license.VersionPrinter - See release notes here: https://rd.gt/416ObMi
2026-09-26 12:09:52 [main] INFO  o.f.c.i.license.VersionPrinter - 
2026-09-26 12:09:52 [main] INFO  org.flywaydb.core.FlywayExecutor - Database: jdbc:postgresql://localhost:5432/officer_cv (PostgreSQL 18.2)
2026-09-26 12:09:52 [main] WARN  o.f.c.i.database.base.Database - Flyway upgrade recommended: PostgreSQL 18.2 is newer than this version of Flyway and support has not been tested. The latest supported version of PostgreSQL is 15.
2026-09-26 12:09:52 [main] INFO  o.f.core.internal.command.DbValidate - Successfully validated 5 migrations (execution time 00:00.011s)
2026-09-26 12:09:52 [main] INFO  o.f.core.internal.command.DbMigrate - Current version of schema "public": 5
2026-09-26 12:09:52 [main] INFO  o.f.core.internal.command.DbMigrate - Schema "public" is up to date. No migration necessary.
2026-09-26 12:09:52 [main] INFO  o.h.jpa.internal.util.LogHelper - HHH000204: Processing PersistenceUnitInfo [name: default]
2026-09-26 12:09:52 [main] INFO  org.hibernate.Version - HHH000412: Hibernate ORM core version 6.4.4.Final
2026-09-26 12:09:52 [main] INFO  o.h.c.i.RegionFactoryInitiator - HHH000026: Second-level cache disabled
2026-09-26 12:09:52 [main] INFO  o.s.o.j.p.SpringPersistenceUnitInfo - No LoadTimeWeaver setup: ignoring JPA class transformer
2026-09-26 12:09:52 [main] INFO  o.h.e.t.j.p.i.JtaPlatformInitiator - HHH000489: No JTA platform available (set 'hibernate.transaction.jta.platform' to enable JTA platform integration)
2026-09-26 12:09:52 [main] INFO  o.hibernate.orm.connections.access - HHH10001501: Connection obtained from JdbcConnectionAccess [org.hibernate.engine.jdbc.env.internal.JdbcEnvironmentInitiator$ConnectionProviderJdbcConnectionAccess@69c03fa2] for (non-JTA) DDL execution was not in auto-commit mode; the Connection 'local transaction' will be committed and the Connection will be set into auto-commit mode.
2026-09-26 12:09:53 [main] INFO  o.s.o.j.LocalContainerEntityManagerFactoryBean - Initialized JPA EntityManagerFactory for persistence unit 'default'
2026-09-26 12:09:53 [main] INFO  o.s.d.j.r.query.QueryEnhancerFactory - Hibernate is in classpath; If applicable, HQL parser will be used.
2026-09-26 12:09:54 [main] INFO  o.s.b.a.e.web.EndpointLinksResolver - Exposing 2 endpoint(s) beneath base path '/actuator'
2026-09-26 12:09:54 [main] INFO  o.s.s.web.DefaultSecurityFilterChain - Will secure any request with [org.springframework.security.web.session.DisableEncodeUrlFilter@5e3569e8, org.springframework.security.web.context.request.async.WebAsyncManagerIntegrationFilter@7925da37, org.springframework.security.web.context.SecurityContextHolderFilter@3fb39d03, org.springframework.security.web.header.HeaderWriterFilter@5ca37208, org.springframework.web.filter.CorsFilter@7e051d8e, org.springframework.security.web.authentication.logout.LogoutFilter@70e62b40, com.noc.employee_cv.security.LoginRateLimitFilter@e26310d, com.noc.employee_cv.security.JwtFilter@72fedd85, org.springframework.security.web.savedrequest.RequestCacheAwareFilter@766ad386, org.springframework.security.web.servletapi.SecurityContextHolderAwareRequestFilter@29b99c50, org.springframework.security.web.authentication.AnonymousAuthenticationFilter@7624028, org.springframework.security.web.session.SessionManagementFilter@4a3eee8e, org.springframework.security.web.access.ExceptionTranslationFilter@35af2487, org.springframework.security.web.access.intercept.AuthorizationFilter@72752c99]
2026-09-26 12:09:54 [main] INFO  o.a.coyote.http11.Http11NioProtocol - Starting ProtocolHandler ["http-nio-8080"]
2026-09-26 12:09:54 [main] INFO  o.s.b.w.e.tomcat.TomcatWebServer - Tomcat started on port 8080 (http) with context path ''
2026-09-26 12:09:54 [main] INFO  c.n.e.EmployeeCvApplication - Started EmployeeCvApplication in 3.046 seconds (process running for 3.277)
2026-09-26 12:09:54 [RMI TCP Connection(2)-192.168.31.175] INFO  o.a.c.c.C.[Tomcat].[localhost].[/] - Initializing Spring DispatcherServlet 'dispatcherServlet'
2026-09-26 12:09:54 [RMI TCP Connection(2)-192.168.31.175] INFO  o.s.web.servlet.DispatcherServlet - Initializing Servlet 'dispatcherServlet'
2026-09-26 12:09:54 [RMI TCP Connection(2)-192.168.31.175] INFO  o.s.web.servlet.DispatcherServlet - Completed initialization in 1 ms
2026-09-26 12:18:55 [SpringApplicationShutdownHook] INFO  o.s.o.j.LocalContainerEntityManagerFactoryBean - Closing JPA EntityManagerFactory for persistence unit 'default'
2026-09-26 12:18:55 [SpringApplicationShutdownHook] INFO  com.zaxxer.hikari.HikariDataSource - HikariPool-1 - Shutdown initiated...
2026-09-26 12:18:55 [SpringApplicationShutdownHook] INFO  com.zaxxer.hikari.HikariDataSource - HikariPool-1 - Shutdown completed.
2026-09-26 12:18:56 [background-preinit] INFO  o.h.validator.internal.util.Version - HV000001: Hibernate Validator 8.0.1.Final
2026-09-26 12:18:56 [main] INFO  c.n.e.EmployeeCvApplication - Starting EmployeeCvApplication using Java 25.0.2 with PID 77339 (/Users/sopheak/IdeaProjects/employee_cv/target/classes started by sopheak in /Users/sopheak/IdeaProjects/employee_cv)
2026-09-26 12:18:56 [main] INFO  c.n.e.EmployeeCvApplication - No active profile set, falling back to 1 default profile: "dev"
2026-09-26 12:18:56 [main] INFO  o.s.d.r.c.RepositoryConfigurationDelegate - Bootstrapping Spring Data JPA repositories in DEFAULT mode.
2026-09-26 12:18:56 [main] INFO  o.s.d.r.c.RepositoryConfigurationDelegate - Finished Spring Data repository scanning in 36 ms. Found 34 JPA repository interfaces.
2026-09-26 12:18:56 [main] INFO  o.s.b.w.e.tomcat.TomcatWebServer - Tomcat initialized with port 8080 (http)
2026-09-26 12:18:56 [main] INFO  o.a.coyote.http11.Http11NioProtocol - Initializing ProtocolHandler ["http-nio-8080"]
2026-09-26 12:18:56 [main] INFO  o.a.catalina.core.StandardService - Starting service [Tomcat]
2026-09-26 12:18:56 [main] INFO  o.a.catalina.core.StandardEngine - Starting Servlet engine: [Apache Tomcat/10.1.19]
2026-09-26 12:18:56 [main] INFO  o.a.c.c.C.[Tomcat].[localhost].[/] - Initializing Spring embedded WebApplicationContext
2026-09-26 12:18:56 [main] INFO  o.s.b.w.s.c.ServletWebServerApplicationContext - Root WebApplicationContext: initialization completed in 639 ms
2026-09-26 12:18:57 [main] INFO  com.zaxxer.hikari.HikariDataSource - HikariPool-1 - Starting...
2026-09-26 12:18:57 [main] INFO  com.zaxxer.hikari.pool.HikariPool - HikariPool-1 - Added connection org.postgresql.jdbc.PgConnection@41059616
2026-09-26 12:18:57 [main] INFO  com.zaxxer.hikari.HikariDataSource - HikariPool-1 - Start completed.
2026-09-26 12:18:57 [main] INFO  o.f.c.i.license.VersionPrinter - Flyway Community Edition 9.22.3 by Redgate
2026-09-26 12:18:57 [main] INFO  o.f.c.i.license.VersionPrinter - See release notes here: https://rd.gt/416ObMi
2026-09-26 12:18:57 [main] INFO  o.f.c.i.license.VersionPrinter - 
2026-09-26 12:18:57 [main] INFO  org.flywaydb.core.FlywayExecutor - Database: jdbc:postgresql://localhost:5432/officer_cv (PostgreSQL 18.2)
2026-09-26 12:18:57 [main] WARN  o.f.c.i.database.base.Database - Flyway upgrade recommended: PostgreSQL 18.2 is newer than this version of Flyway and support has not been tested. The latest supported version of PostgreSQL is 15.
2026-09-26 12:18:57 [main] INFO  o.f.core.internal.command.DbValidate - Successfully validated 5 migrations (execution time 00:00.009s)
2026-09-26 12:18:57 [main] INFO  o.f.core.internal.command.DbMigrate - Current version of schema "public": 5
2026-09-26 12:18:57 [main] INFO  o.f.core.internal.command.DbMigrate - Schema "public" is up to date. No migration necessary.
2026-09-26 12:18:57 [main] INFO  o.h.jpa.internal.util.LogHelper - HHH000204: Processing PersistenceUnitInfo [name: default]
2026-09-26 12:18:57 [main] INFO  org.hibernate.Version - HHH000412: Hibernate ORM core version 6.4.4.Final
2026-09-26 12:18:57 [main] INFO  o.h.c.i.RegionFactoryInitiator - HHH000026: Second-level cache disabled
2026-09-26 12:18:57 [main] INFO  o.s.o.j.p.SpringPersistenceUnitInfo - No LoadTimeWeaver setup: ignoring JPA class transformer
2026-09-26 12:18:57 [main] INFO  o.h.e.t.j.p.i.JtaPlatformInitiator - HHH000489: No JTA platform available (set 'hibernate.transaction.jta.platform' to enable JTA platform integration)
2026-09-26 12:18:57 [main] INFO  o.hibernate.orm.connections.access - HHH10001501: Connection obtained from JdbcConnectionAccess [org.hibernate.engine.jdbc.env.internal.JdbcEnvironmentInitiator$ConnectionProviderJdbcConnectionAccess@20bc6f4d] for (non-JTA) DDL execution was not in auto-commit mode; the Connection 'local transaction' will be committed and the Connection will be set into auto-commit mode.
2026-09-26 12:18:57 [main] INFO  o.s.o.j.LocalContainerEntityManagerFactoryBean - Initialized JPA EntityManagerFactory for persistence unit 'default'
2026-09-26 12:18:58 [main] INFO  o.s.d.j.r.query.QueryEnhancerFactory - Hibernate is in classpath; If applicable, HQL parser will be used.
2026-09-26 12:18:58 [main] INFO  o.s.b.a.e.web.EndpointLinksResolver - Exposing 2 endpoint(s) beneath base path '/actuator'
2026-09-26 12:18:58 [main] INFO  o.s.s.web.DefaultSecurityFilterChain - Will secure any request with [org.springframework.security.web.session.DisableEncodeUrlFilter@1219dfb1, org.springframework.security.web.context.request.async.WebAsyncManagerIntegrationFilter@190cb9a, org.springframework.security.web.context.SecurityContextHolderFilter@e052d85, org.springframework.security.web.header.HeaderWriterFilter@6bb2a28a, org.springframework.web.filter.CorsFilter@578e4723, org.springframework.security.web.authentication.logout.LogoutFilter@734ab79, com.noc.employee_cv.security.LoginRateLimitFilter@7fd3df3c, com.noc.employee_cv.security.JwtFilter@6db0f5fb, org.springframework.security.web.savedrequest.RequestCacheAwareFilter@1aa001e1, org.springframework.security.web.servletapi.SecurityContextHolderAwareRequestFilter@4a3eee8e, org.springframework.security.web.authentication.AnonymousAuthenticationFilter@153f34aa, org.springframework.security.web.session.SessionManagementFilter@2c549f19, org.springframework.security.web.access.ExceptionTranslationFilter@5a253cca, org.springframework.security.web.access.intercept.AuthorizationFilter@182d1c03]
2026-09-26 12:18:59 [main] INFO  o.a.coyote.http11.Http11NioProtocol - Starting ProtocolHandler ["http-nio-8080"]
2026-09-26 12:18:59 [main] INFO  o.s.b.w.e.tomcat.TomcatWebServer - Tomcat started on port 8080 (http) with context path ''
2026-09-26 12:18:59 [main] INFO  c.n.e.EmployeeCvApplication - Started EmployeeCvApplication in 3.071 seconds (process running for 3.287)
2026-09-26 12:18:59 [RMI TCP Connection(1)-192.168.31.175] INFO  o.a.c.c.C.[Tomcat].[localhost].[/] - Initializing Spring DispatcherServlet 'dispatcherServlet'
2026-09-26 12:18:59 [RMI TCP Connection(1)-192.168.31.175] INFO  o.s.web.servlet.DispatcherServlet - Initializing Servlet 'dispatcherServlet'
2026-09-26 12:18:59 [RMI TCP Connection(1)-192.168.31.175] INFO  o.s.web.servlet.DispatcherServlet - Completed initialization in 1 ms
2026-09-26 12:20:12 [SpringApplicationShutdownHook] INFO  o.s.o.j.LocalContainerEntityManagerFactoryBean - Closing JPA EntityManagerFactory for persistence unit 'default'
2026-09-26 12:20:12 [SpringApplicationShutdownHook] INFO  com.zaxxer.hikari.HikariDataSource - HikariPool-1 - Shutdown initiated...
2026-09-26 12:20:12 [SpringApplicationShutdownHook] INFO  com.zaxxer.hikari.HikariDataSource - HikariPool-1 - Shutdown completed.
2026-09-26 12:20:13 [background-preinit] INFO  o.h.validator.internal.util.Version - HV000001: Hibernate Validator 8.0.1.Final
2026-09-26 12:20:13 [main] INFO  c.n.e.EmployeeCvApplication - Starting EmployeeCvApplication using Java 25.0.2 with PID 77627 (/Users/sopheak/IdeaProjects/employee_cv/target/classes started by sopheak in /Users/sopheak/IdeaProjects/employee_cv)
2026-09-26 12:20:13 [main] INFO  c.n.e.EmployeeCvApplication - No active profile set, falling back to 1 default profile: "dev"
2026-09-26 12:20:13 [main] INFO  o.s.d.r.c.RepositoryConfigurationDelegate - Bootstrapping Spring Data JPA repositories in DEFAULT mode.
2026-09-26 12:20:13 [main] INFO  o.s.d.r.c.RepositoryConfigurationDelegate - Finished Spring Data repository scanning in 34 ms. Found 34 JPA repository interfaces.
2026-09-26 12:20:14 [main] INFO  o.s.b.w.e.tomcat.TomcatWebServer - Tomcat initialized with port 8080 (http)
2026-09-26 12:20:14 [main] INFO  o.a.coyote.http11.Http11NioProtocol - Initializing ProtocolHandler ["http-nio-8080"]
2026-09-26 12:20:14 [main] INFO  o.a.catalina.core.StandardService - Starting service [Tomcat]
2026-09-26 12:20:14 [main] INFO  o.a.catalina.core.StandardEngine - Starting Servlet engine: [Apache Tomcat/10.1.19]
2026-09-26 12:20:14 [main] INFO  o.a.c.c.C.[Tomcat].[localhost].[/] - Initializing Spring embedded WebApplicationContext
2026-09-26 12:20:14 [main] INFO  o.s.b.w.s.c.ServletWebServerApplicationContext - Root WebApplicationContext: initialization completed in 610 ms
2026-09-26 12:20:14 [main] INFO  com.zaxxer.hikari.HikariDataSource - HikariPool-1 - Starting...
2026-09-26 12:20:14 [main] INFO  com.zaxxer.hikari.pool.HikariPool - HikariPool-1 - Added connection org.postgresql.jdbc.PgConnection@34e25492
2026-09-26 12:20:14 [main] INFO  com.zaxxer.hikari.HikariDataSource - HikariPool-1 - Start completed.
2026-09-26 12:20:14 [main] INFO  o.f.c.i.license.VersionPrinter - Flyway Community Edition 9.22.3 by Redgate
2026-09-26 12:20:14 [main] INFO  o.f.c.i.license.VersionPrinter - See release notes here: https://rd.gt/416ObMi
2026-09-26 12:20:14 [main] INFO  o.f.c.i.license.VersionPrinter - 
2026-09-26 12:20:14 [main] INFO  org.flywaydb.core.FlywayExecutor - Database: jdbc:postgresql://localhost:5432/officer_cv (PostgreSQL 18.2)
2026-09-26 12:20:14 [main] WARN  o.f.c.i.database.base.Database - Flyway upgrade recommended: PostgreSQL 18.2 is newer than this version of Flyway and support has not been tested. The latest supported version of PostgreSQL is 15.
2026-09-26 12:20:14 [main] INFO  o.f.core.internal.command.DbValidate - Successfully validated 5 migrations (execution time 00:00.008s)
2026-09-26 12:20:14 [main] INFO  o.f.core.internal.command.DbMigrate - Current version of schema "public": 5
2026-09-26 12:20:14 [main] INFO  o.f.core.internal.command.DbMigrate - Schema "public" is up to date. No migration necessary.
2026-09-26 12:20:14 [main] INFO  o.h.jpa.internal.util.LogHelper - HHH000204: Processing PersistenceUnitInfo [name: default]
2026-09-26 12:20:14 [main] INFO  org.hibernate.Version - HHH000412: Hibernate ORM core version 6.4.4.Final
2026-09-26 12:20:14 [main] INFO  o.h.c.i.RegionFactoryInitiator - HHH000026: Second-level cache disabled
2026-09-26 12:20:14 [main] INFO  o.s.o.j.p.SpringPersistenceUnitInfo - No LoadTimeWeaver setup: ignoring JPA class transformer
2026-09-26 12:20:14 [main] INFO  o.h.e.t.j.p.i.JtaPlatformInitiator - HHH000489: No JTA platform available (set 'hibernate.transaction.jta.platform' to enable JTA platform integration)
2026-09-26 12:20:14 [main] INFO  o.hibernate.orm.connections.access - HHH10001501: Connection obtained from JdbcConnectionAccess [org.hibernate.engine.jdbc.env.internal.JdbcEnvironmentInitiator$ConnectionProviderJdbcConnectionAccess@27015621] for (non-JTA) DDL execution was not in auto-commit mode; the Connection 'local transaction' will be committed and the Connection will be set into auto-commit mode.
2026-09-26 12:20:15 [main] INFO  o.s.o.j.LocalContainerEntityManagerFactoryBean - Initialized JPA EntityManagerFactory for persistence unit 'default'
2026-09-26 12:20:15 [main] INFO  o.s.d.j.r.query.QueryEnhancerFactory - Hibernate is in classpath; If applicable, HQL parser will be used.
2026-09-26 12:20:16 [main] INFO  o.s.b.a.e.web.EndpointLinksResolver - Exposing 2 endpoint(s) beneath base path '/actuator'
2026-09-26 12:20:16 [main] INFO  o.s.s.web.DefaultSecurityFilterChain - Will secure any request with [org.springframework.security.web.session.DisableEncodeUrlFilter@2dafce1c, org.springframework.security.web.context.request.async.WebAsyncManagerIntegrationFilter@567fd3cd, org.springframework.security.web.context.SecurityContextHolderFilter@76e13af5, org.springframework.security.web.header.HeaderWriterFilter@e052d85, org.springframework.web.filter.CorsFilter@b1590ed, org.springframework.security.web.authentication.logout.LogoutFilter@51e10d61, com.noc.employee_cv.security.LoginRateLimitFilter@379b92ee, com.noc.employee_cv.security.JwtFilter@6cbce551, org.springframework.security.web.savedrequest.RequestCacheAwareFilter@680107ec, org.springframework.security.web.servletapi.SecurityContextHolderAwareRequestFilter@2d045adb, org.springframework.security.web.authentication.AnonymousAuthenticationFilter@366702bc, org.springframework.security.web.session.SessionManagementFilter@766ad386, org.springframework.security.web.access.ExceptionTranslationFilter@6ba08357, org.springframework.security.web.access.intercept.AuthorizationFilter@25ce8b1d]
2026-09-26 12:20:16 [main] INFO  o.a.coyote.http11.Http11NioProtocol - Starting ProtocolHandler ["http-nio-8080"]
2026-09-26 12:20:16 [main] INFO  o.s.b.w.e.tomcat.TomcatWebServer - Tomcat started on port 8080 (http) with context path ''
2026-09-26 12:20:16 [main] INFO  c.n.e.EmployeeCvApplication - Started EmployeeCvApplication in 3.043 seconds (process running for 3.254)
2026-09-26 12:20:16 [RMI TCP Connection(1)-192.168.31.175] INFO  o.a.c.c.C.[Tomcat].[localhost].[/] - Initializing Spring DispatcherServlet 'dispatcherServlet'
2026-09-26 12:20:16 [RMI TCP Connection(1)-192.168.31.175] INFO  o.s.web.servlet.DispatcherServlet - Initializing Servlet 'dispatcherServlet'
2026-09-26 12:20:16 [RMI TCP Connection(1)-192.168.31.175] INFO  o.s.web.servlet.DispatcherServlet - Completed initialization in 1 ms
2026-09-26 12:25:20 [SpringApplicationShutdownHook] INFO  o.s.o.j.LocalContainerEntityManagerFactoryBean - Closing JPA EntityManagerFactory for persistence unit 'default'
2026-09-26 12:25:20 [SpringApplicationShutdownHook] INFO  com.zaxxer.hikari.HikariDataSource - HikariPool-1 - Shutdown initiated...
2026-09-26 12:25:20 [SpringApplicationShutdownHook] INFO  com.zaxxer.hikari.HikariDataSource - HikariPool-1 - Shutdown completed.
2026-09-26 12:25:21 [background-preinit] INFO  o.h.validator.internal.util.Version - HV000001: Hibernate Validator 8.0.1.Final
2026-09-26 12:25:21 [main] INFO  c.n.e.EmployeeCvApplication - Starting EmployeeCvApplication using Java 25.0.2 with PID 78659 (/Users/sopheak/IdeaProjects/employee_cv/target/classes started by sopheak in /Users/sopheak/IdeaProjects/employee_cv)
2026-09-26 12:25:21 [main] INFO  c.n.e.EmployeeCvApplication - No active profile set, falling back to 1 default profile: "dev"
2026-09-26 12:25:21 [main] INFO  o.s.d.r.c.RepositoryConfigurationDelegate - Bootstrapping Spring Data JPA repositories in DEFAULT mode.
2026-09-26 12:25:21 [main] INFO  o.s.d.r.c.RepositoryConfigurationDelegate - Finished Spring Data repository scanning in 34 ms. Found 34 JPA repository interfaces.
2026-09-26 12:25:22 [main] INFO  o.s.b.w.e.tomcat.TomcatWebServer - Tomcat initialized with port 8080 (http)
2026-09-26 12:25:22 [main] INFO  o.a.coyote.http11.Http11NioProtocol - Initializing ProtocolHandler ["http-nio-8080"]
2026-09-26 12:25:22 [main] INFO  o.a.catalina.core.StandardService - Starting service [Tomcat]
2026-09-26 12:25:22 [main] INFO  o.a.catalina.core.StandardEngine - Starting Servlet engine: [Apache Tomcat/10.1.19]
2026-09-26 12:25:22 [main] INFO  o.a.c.c.C.[Tomcat].[localhost].[/] - Initializing Spring embedded WebApplicationContext
2026-09-26 12:25:22 [main] INFO  o.s.b.w.s.c.ServletWebServerApplicationContext - Root WebApplicationContext: initialization completed in 579 ms
2026-09-26 12:25:22 [main] INFO  com.zaxxer.hikari.HikariDataSource - HikariPool-1 - Starting...
2026-09-26 12:25:22 [main] INFO  com.zaxxer.hikari.pool.HikariPool - HikariPool-1 - Added connection org.postgresql.jdbc.PgConnection@5909ae90
2026-09-26 12:25:22 [main] INFO  com.zaxxer.hikari.HikariDataSource - HikariPool-1 - Start completed.
2026-09-26 12:25:22 [main] INFO  o.f.c.i.license.VersionPrinter - Flyway Community Edition 9.22.3 by Redgate
2026-09-26 12:25:22 [main] INFO  o.f.c.i.license.VersionPrinter - See release notes here: https://rd.gt/416ObMi
2026-09-26 12:25:22 [main] INFO  o.f.c.i.license.VersionPrinter - 
2026-09-26 12:25:22 [main] INFO  org.flywaydb.core.FlywayExecutor - Database: jdbc:postgresql://localhost:5432/officer_cv (PostgreSQL 18.2)
2026-09-26 12:25:22 [main] WARN  o.f.c.i.database.base.Database - Flyway upgrade recommended: PostgreSQL 18.2 is newer than this version of Flyway and support has not been tested. The latest supported version of PostgreSQL is 15.
2026-09-26 12:25:22 [main] INFO  o.f.core.internal.command.DbValidate - Successfully validated 5 migrations (execution time 00:00.008s)
2026-09-26 12:25:22 [main] INFO  o.f.core.internal.command.DbMigrate - Current version of schema "public": 5
2026-09-26 12:25:22 [main] INFO  o.f.core.internal.command.DbMigrate - Schema "public" is up to date. No migration necessary.
2026-09-26 12:25:22 [main] INFO  o.h.jpa.internal.util.LogHelper - HHH000204: Processing PersistenceUnitInfo [name: default]
2026-09-26 12:25:22 [main] INFO  org.hibernate.Version - HHH000412: Hibernate ORM core version 6.4.4.Final
2026-09-26 12:25:22 [main] INFO  o.h.c.i.RegionFactoryInitiator - HHH000026: Second-level cache disabled
2026-09-26 12:25:22 [main] INFO  o.s.o.j.p.SpringPersistenceUnitInfo - No LoadTimeWeaver setup: ignoring JPA class transformer
2026-09-26 12:25:22 [main] INFO  o.h.e.t.j.p.i.JtaPlatformInitiator - HHH000489: No JTA platform available (set 'hibernate.transaction.jta.platform' to enable JTA platform integration)
2026-09-26 12:25:22 [main] INFO  o.hibernate.orm.connections.access - HHH10001501: Connection obtained from JdbcConnectionAccess [org.hibernate.engine.jdbc.env.internal.JdbcEnvironmentInitiator$ConnectionProviderJdbcConnectionAccess@4b6575fd] for (non-JTA) DDL execution was not in auto-commit mode; the Connection 'local transaction' will be committed and the Connection will be set into auto-commit mode.
2026-09-26 12:25:23 [main] INFO  o.s.o.j.LocalContainerEntityManagerFactoryBean - Initialized JPA EntityManagerFactory for persistence unit 'default'
2026-09-26 12:25:23 [main] INFO  o.s.d.j.r.query.QueryEnhancerFactory - Hibernate is in classpath; If applicable, HQL parser will be used.
2026-09-26 12:25:24 [main] INFO  o.s.b.a.e.web.EndpointLinksResolver - Exposing 2 endpoint(s) beneath base path '/actuator'
2026-09-26 12:25:24 [main] INFO  o.s.s.web.DefaultSecurityFilterChain - Will secure any request with [org.springframework.security.web.session.DisableEncodeUrlFilter@6a97c028, org.springframework.security.web.context.request.async.WebAsyncManagerIntegrationFilter@646b4d24, org.springframework.security.web.context.SecurityContextHolderFilter@7f95a76a, org.springframework.security.web.header.HeaderWriterFilter@4485cd1, org.springframework.web.filter.CorsFilter@5e10f51e, org.springframework.security.web.authentication.logout.LogoutFilter@1219dfb1, com.noc.employee_cv.security.LoginRateLimitFilter@5650911e, com.noc.employee_cv.security.JwtFilter@649ca10, org.springframework.security.web.savedrequest.RequestCacheAwareFilter@1bfac893, org.springframework.security.web.servletapi.SecurityContextHolderAwareRequestFilter@74edcc2b, org.springframework.security.web.authentication.AnonymousAuthenticationFilter@6763b3e, org.springframework.security.web.session.SessionManagementFilter@78c6917, org.springframework.security.web.access.ExceptionTranslationFilter@e052d85, org.springframework.security.web.access.intercept.AuthorizationFilter@b1590ed]
2026-09-26 12:25:24 [main] INFO  o.a.coyote.http11.Http11NioProtocol - Starting ProtocolHandler ["http-nio-8080"]
2026-09-26 12:25:24 [main] INFO  o.s.b.w.e.tomcat.TomcatWebServer - Tomcat started on port 8080 (http) with context path ''
2026-09-26 12:25:24 [main] INFO  c.n.e.EmployeeCvApplication - Started EmployeeCvApplication in 2.985 seconds (process running for 3.203)
2026-09-26 12:25:24 [RMI TCP Connection(3)-192.168.31.175] INFO  o.a.c.c.C.[Tomcat].[localhost].[/] - Initializing Spring DispatcherServlet 'dispatcherServlet'
2026-09-26 12:25:24 [RMI TCP Connection(3)-192.168.31.175] INFO  o.s.web.servlet.DispatcherServlet - Initializing Servlet 'dispatcherServlet'
2026-09-26 12:25:24 [RMI TCP Connection(3)-192.168.31.175] INFO  o.s.web.servlet.DispatcherServlet - Completed initialization in 1 ms
2026-09-26 12:48:12 [SpringApplicationShutdownHook] INFO  o.s.o.j.LocalContainerEntityManagerFactoryBean - Closing JPA EntityManagerFactory for persistence unit 'default'
2026-09-26 12:48:12 [SpringApplicationShutdownHook] INFO  com.zaxxer.hikari.HikariDataSource - HikariPool-1 - Shutdown initiated...
2026-09-26 12:48:12 [SpringApplicationShutdownHook] INFO  com.zaxxer.hikari.HikariDataSource - HikariPool-1 - Shutdown completed.
2026-09-26 12:48:13 [background-preinit] INFO  o.h.validator.internal.util.Version - HV000001: Hibernate Validator 8.0.1.Final
2026-09-26 12:48:13 [main] INFO  c.n.e.EmployeeCvApplication - Starting EmployeeCvApplication using Java 25.0.2 with PID 83338 (/Users/sopheak/IdeaProjects/employee_cv/target/classes started by sopheak in /Users/sopheak/IdeaProjects/employee_cv)
2026-09-26 12:48:13 [main] INFO  c.n.e.EmployeeCvApplication - No active profile set, falling back to 1 default profile: "dev"
2026-09-26 12:48:13 [main] INFO  o.s.d.r.c.RepositoryConfigurationDelegate - Bootstrapping Spring Data JPA repositories in DEFAULT mode.
2026-09-26 12:48:13 [main] INFO  o.s.d.r.c.RepositoryConfigurationDelegate - Finished Spring Data repository scanning in 38 ms. Found 34 JPA repository interfaces.
2026-09-26 12:48:14 [main] INFO  o.s.b.w.e.tomcat.TomcatWebServer - Tomcat initialized with port 8080 (http)
2026-09-26 12:48:14 [main] INFO  o.a.coyote.http11.Http11NioProtocol - Initializing ProtocolHandler ["http-nio-8080"]
2026-09-26 12:48:14 [main] INFO  o.a.catalina.core.StandardService - Starting service [Tomcat]
2026-09-26 12:48:14 [main] INFO  o.a.catalina.core.StandardEngine - Starting Servlet engine: [Apache Tomcat/10.1.19]
2026-09-26 12:48:14 [main] INFO  o.a.c.c.C.[Tomcat].[localhost].[/] - Initializing Spring embedded WebApplicationContext
2026-09-26 12:48:14 [main] INFO  o.s.b.w.s.c.ServletWebServerApplicationContext - Root WebApplicationContext: initialization completed in 664 ms
2026-09-26 12:48:14 [main] INFO  com.zaxxer.hikari.HikariDataSource - HikariPool-1 - Starting...
2026-09-26 12:48:14 [main] INFO  com.zaxxer.hikari.pool.HikariPool - HikariPool-1 - Added connection org.postgresql.jdbc.PgConnection@459bf87c
2026-09-26 12:48:14 [main] INFO  com.zaxxer.hikari.HikariDataSource - HikariPool-1 - Start completed.
2026-09-26 12:48:14 [main] INFO  o.f.c.i.license.VersionPrinter - Flyway Community Edition 9.22.3 by Redgate
2026-09-26 12:48:14 [main] INFO  o.f.c.i.license.VersionPrinter - See release notes here: https://rd.gt/416ObMi
2026-09-26 12:48:14 [main] INFO  o.f.c.i.license.VersionPrinter - 
2026-09-26 12:48:14 [main] INFO  org.flywaydb.core.FlywayExecutor - Database: jdbc:postgresql://localhost:5432/officer_cv (PostgreSQL 18.2)
2026-09-26 12:48:14 [main] WARN  o.f.c.i.database.base.Database - Flyway upgrade recommended: PostgreSQL 18.2 is newer than this version of Flyway and support has not been tested. The latest supported version of PostgreSQL is 15.
2026-09-26 12:48:14 [main] INFO  o.f.core.internal.command.DbValidate - Successfully validated 5 migrations (execution time 00:00.011s)
2026-09-26 12:48:14 [main] INFO  o.f.core.internal.command.DbMigrate - Current version of schema "public": 5
2026-09-26 12:48:14 [main] INFO  o.f.core.internal.command.DbMigrate - Schema "public" is up to date. No migration necessary.
2026-09-26 12:48:14 [main] INFO  o.h.jpa.internal.util.LogHelper - HHH000204: Processing PersistenceUnitInfo [name: default]
2026-09-26 12:48:14 [main] INFO  org.hibernate.Version - HHH000412: Hibernate ORM core version 6.4.4.Final
2026-09-26 12:48:14 [main] INFO  o.h.c.i.RegionFactoryInitiator - HHH000026: Second-level cache disabled
2026-09-26 12:48:14 [main] INFO  o.s.o.j.p.SpringPersistenceUnitInfo - No LoadTimeWeaver setup: ignoring JPA class transformer
2026-09-26 12:48:14 [main] INFO  o.h.e.t.j.p.i.JtaPlatformInitiator - HHH000489: No JTA platform available (set 'hibernate.transaction.jta.platform' to enable JTA platform integration)
2026-09-26 12:48:14 [main] INFO  o.hibernate.orm.connections.access - HHH10001501: Connection obtained from JdbcConnectionAccess [org.hibernate.engine.jdbc.env.internal.JdbcEnvironmentInitiator$ConnectionProviderJdbcConnectionAccess@67f5066e] for (non-JTA) DDL execution was not in auto-commit mode; the Connection 'local transaction' will be committed and the Connection will be set into auto-commit mode.
2026-09-26 12:48:15 [main] INFO  o.s.o.j.LocalContainerEntityManagerFactoryBean - Initialized JPA EntityManagerFactory for persistence unit 'default'
2026-09-26 12:48:15 [main] INFO  o.s.d.j.r.query.QueryEnhancerFactory - Hibernate is in classpath; If applicable, HQL parser will be used.
2026-09-26 12:48:16 [main] INFO  o.s.b.a.e.web.EndpointLinksResolver - Exposing 2 endpoint(s) beneath base path '/actuator'
2026-09-26 12:48:16 [main] INFO  o.s.s.web.DefaultSecurityFilterChain - Will secure any request with [org.springframework.security.web.session.DisableEncodeUrlFilter@366702bc, org.springframework.security.web.context.request.async.WebAsyncManagerIntegrationFilter@656be542, org.springframework.security.web.context.SecurityContextHolderFilter@17c8a172, org.springframework.security.web.header.HeaderWriterFilter@3d6e7acc, org.springframework.web.filter.CorsFilter@4d22b399, org.springframework.security.web.authentication.logout.LogoutFilter@7a7d3cf4, com.noc.employee_cv.security.LoginRateLimitFilter@6a792df3, com.noc.employee_cv.security.JwtFilter@2c977920, org.springframework.security.web.savedrequest.RequestCacheAwareFilter@2d045adb, org.springframework.security.web.servletapi.SecurityContextHolderAwareRequestFilter@1bfac893, org.springframework.security.web.authentication.AnonymousAuthenticationFilter@6a97c028, org.springframework.security.web.session.SessionManagementFilter@29b99c50, org.springframework.security.web.access.ExceptionTranslationFilter@26174f13, org.springframework.security.web.access.intercept.AuthorizationFilter@7ce834ff]
2026-09-26 12:48:16 [main] INFO  o.a.coyote.http11.Http11NioProtocol - Starting ProtocolHandler ["http-nio-8080"]
2026-09-26 12:48:16 [main] INFO  o.s.b.w.e.tomcat.TomcatWebServer - Tomcat started on port 8080 (http) with context path ''
2026-09-26 12:48:16 [main] INFO  c.n.e.EmployeeCvApplication - Started EmployeeCvApplication in 3.266 seconds (process running for 3.571)
2026-09-26 12:48:16 [RMI TCP Connection(2)-127.0.0.1] INFO  o.a.c.c.C.[Tomcat].[localhost].[/] - Initializing Spring DispatcherServlet 'dispatcherServlet'
2026-09-26 12:48:16 [RMI TCP Connection(2)-127.0.0.1] INFO  o.s.web.servlet.DispatcherServlet - Initializing Servlet 'dispatcherServlet'
2026-09-26 12:48:16 [RMI TCP Connection(2)-127.0.0.1] INFO  o.s.web.servlet.DispatcherServlet - Completed initialization in 1 ms
2026-09-26 13:07:27 [SpringApplicationShutdownHook] INFO  o.s.o.j.LocalContainerEntityManagerFactoryBean - Closing JPA EntityManagerFactory for persistence unit 'default'
2026-09-26 13:07:27 [SpringApplicationShutdownHook] INFO  com.zaxxer.hikari.HikariDataSource - HikariPool-1 - Shutdown initiated...
2026-09-26 13:07:27 [SpringApplicationShutdownHook] INFO  com.zaxxer.hikari.HikariDataSource - HikariPool-1 - Shutdown completed.
2026-09-26 13:07:28 [background-preinit] INFO  o.h.validator.internal.util.Version - HV000001: Hibernate Validator 8.0.1.Final
2026-09-26 13:07:28 [main] INFO  c.n.e.EmployeeCvApplication - Starting EmployeeCvApplication using Java 25.0.2 with PID 87423 (/Users/sopheak/IdeaProjects/employee_cv/target/classes started by sopheak in /Users/sopheak/IdeaProjects/employee_cv)
2026-09-26 13:07:28 [main] INFO  c.n.e.EmployeeCvApplication - No active profile set, falling back to 1 default profile: "dev"
2026-09-26 13:07:28 [main] INFO  o.s.d.r.c.RepositoryConfigurationDelegate - Bootstrapping Spring Data JPA repositories in DEFAULT mode.
2026-09-26 13:07:28 [main] INFO  o.s.d.r.c.RepositoryConfigurationDelegate - Finished Spring Data repository scanning in 34 ms. Found 34 JPA repository interfaces.
2026-09-26 13:07:28 [main] INFO  o.s.b.w.e.tomcat.TomcatWebServer - Tomcat initialized with port 8080 (http)
2026-09-26 13:07:28 [main] INFO  o.a.coyote.http11.Http11NioProtocol - Initializing ProtocolHandler ["http-nio-8080"]
2026-09-26 13:07:28 [main] INFO  o.a.catalina.core.StandardService - Starting service [Tomcat]
2026-09-26 13:07:28 [main] INFO  o.a.catalina.core.StandardEngine - Starting Servlet engine: [Apache Tomcat/10.1.19]
2026-09-26 13:07:28 [main] INFO  o.a.c.c.C.[Tomcat].[localhost].[/] - Initializing Spring embedded WebApplicationContext
2026-09-26 13:07:28 [main] INFO  o.s.b.w.s.c.ServletWebServerApplicationContext - Root WebApplicationContext: initialization completed in 579 ms
2026-09-26 13:07:28 [main] INFO  com.zaxxer.hikari.HikariDataSource - HikariPool-1 - Starting...
2026-09-26 13:07:28 [main] INFO  com.zaxxer.hikari.pool.HikariPool - HikariPool-1 - Added connection org.postgresql.jdbc.PgConnection@5a7a6d34
2026-09-26 13:07:28 [main] INFO  com.zaxxer.hikari.HikariDataSource - HikariPool-1 - Start completed.
2026-09-26 13:07:28 [main] INFO  o.f.c.i.license.VersionPrinter - Flyway Community Edition 9.22.3 by Redgate
2026-09-26 13:07:28 [main] INFO  o.f.c.i.license.VersionPrinter - See release notes here: https://rd.gt/416ObMi
2026-09-26 13:07:28 [main] INFO  o.f.c.i.license.VersionPrinter - 
2026-09-26 13:07:28 [main] INFO  org.flywaydb.core.FlywayExecutor - Database: jdbc:postgresql://localhost:5432/officer_cv (PostgreSQL 18.2)
2026-09-26 13:07:28 [main] WARN  o.f.c.i.database.base.Database - Flyway upgrade recommended: PostgreSQL 18.2 is newer than this version of Flyway and support has not been tested. The latest supported version of PostgreSQL is 15.
2026-09-26 13:07:28 [main] INFO  o.f.core.internal.command.DbValidate - Successfully validated 5 migrations (execution time 00:00.008s)
2026-09-26 13:07:28 [main] INFO  o.f.core.internal.command.DbMigrate - Current version of schema "public": 5
2026-09-26 13:07:28 [main] INFO  o.f.core.internal.command.DbMigrate - Schema "public" is up to date. No migration necessary.
2026-09-26 13:07:28 [main] INFO  o.h.jpa.internal.util.LogHelper - HHH000204: Processing PersistenceUnitInfo [name: default]
2026-09-26 13:07:28 [main] INFO  org.hibernate.Version - HHH000412: Hibernate ORM core version 6.4.4.Final
2026-09-26 13:07:28 [main] INFO  o.h.c.i.RegionFactoryInitiator - HHH000026: Second-level cache disabled
2026-09-26 13:07:29 [main] INFO  o.s.o.j.p.SpringPersistenceUnitInfo - No LoadTimeWeaver setup: ignoring JPA class transformer
2026-09-26 13:07:29 [main] INFO  o.h.e.t.j.p.i.JtaPlatformInitiator - HHH000489: No JTA platform available (set 'hibernate.transaction.jta.platform' to enable JTA platform integration)
2026-09-26 13:07:29 [main] INFO  o.hibernate.orm.connections.access - HHH10001501: Connection obtained from JdbcConnectionAccess [org.hibernate.engine.jdbc.env.internal.JdbcEnvironmentInitiator$ConnectionProviderJdbcConnectionAccess@69c03fa2] for (non-JTA) DDL execution was not in auto-commit mode; the Connection 'local transaction' will be committed and the Connection will be set into auto-commit mode.
2026-09-26 13:07:29 [main] INFO  o.s.o.j.LocalContainerEntityManagerFactoryBean - Initialized JPA EntityManagerFactory for persistence unit 'default'
2026-09-26 13:07:29 [main] INFO  o.s.d.j.r.query.QueryEnhancerFactory - Hibernate is in classpath; If applicable, HQL parser will be used.
2026-09-26 13:07:30 [main] INFO  o.s.b.a.e.web.EndpointLinksResolver - Exposing 2 endpoint(s) beneath base path '/actuator'
2026-09-26 13:07:30 [main] INFO  o.s.s.web.DefaultSecurityFilterChain - Will secure any request with [org.springframework.security.web.session.DisableEncodeUrlFilter@5f389d72, org.springframework.security.web.context.request.async.WebAsyncManagerIntegrationFilter@25eda9d8, org.springframework.security.web.context.SecurityContextHolderFilter@11cc72c0, org.springframework.security.web.header.HeaderWriterFilter@559207b2, org.springframework.web.filter.CorsFilter@2b463a42, org.springframework.security.web.authentication.logout.LogoutFilter@5ecf2f06, com.noc.employee_cv.security.LoginRateLimitFilter@768c03f9, com.noc.employee_cv.security.JwtFilter@1add7650, org.springframework.security.web.savedrequest.RequestCacheAwareFilter@734ab79, org.springframework.security.web.servletapi.SecurityContextHolderAwareRequestFilter@3c0c2776, org.springframework.security.web.authentication.AnonymousAuthenticationFilter@3bc1711d, org.springframework.security.web.session.SessionManagementFilter@1bfac893, org.springframework.security.web.access.ExceptionTranslationFilter@4ea4e614, org.springframework.security.web.access.intercept.AuthorizationFilter@6c884847]
2026-09-26 13:07:31 [main] INFO  o.a.coyote.http11.Http11NioProtocol - Starting ProtocolHandler ["http-nio-8080"]
2026-09-26 13:07:31 [main] INFO  o.s.b.w.e.tomcat.TomcatWebServer - Tomcat started on port 8080 (http) with context path ''
2026-09-26 13:07:31 [main] INFO  c.n.e.EmployeeCvApplication - Started EmployeeCvApplication in 3.107 seconds (process running for 3.325)
2026-09-26 13:07:31 [RMI TCP Connection(3)-127.0.0.1] INFO  o.a.c.c.C.[Tomcat].[localhost].[/] - Initializing Spring DispatcherServlet 'dispatcherServlet'
2026-09-26 13:07:31 [RMI TCP Connection(3)-127.0.0.1] INFO  o.s.web.servlet.DispatcherServlet - Initializing Servlet 'dispatcherServlet'
2026-09-26 13:07:31 [RMI TCP Connection(3)-127.0.0.1] INFO  o.s.web.servlet.DispatcherServlet - Completed initialization in 1 ms
2026-09-26 13:08:48 [SpringApplicationShutdownHook] INFO  o.s.o.j.LocalContainerEntityManagerFactoryBean - Closing JPA EntityManagerFactory for persistence unit 'default'
2026-09-26 13:08:48 [SpringApplicationShutdownHook] INFO  com.zaxxer.hikari.HikariDataSource - HikariPool-1 - Shutdown initiated...
2026-09-26 13:08:48 [SpringApplicationShutdownHook] INFO  com.zaxxer.hikari.HikariDataSource - HikariPool-1 - Shutdown completed.
2026-09-26 13:08:49 [background-preinit] INFO  o.h.validator.internal.util.Version - HV000001: Hibernate Validator 8.0.1.Final
2026-09-26 13:08:49 [main] INFO  c.n.e.EmployeeCvApplication - Starting EmployeeCvApplication using Java 25.0.2 with PID 87713 (/Users/sopheak/IdeaProjects/employee_cv/target/classes started by sopheak in /Users/sopheak/IdeaProjects/employee_cv)
2026-09-26 13:08:49 [main] INFO  c.n.e.EmployeeCvApplication - No active profile set, falling back to 1 default profile: "dev"
2026-09-26 13:08:49 [main] INFO  o.s.d.r.c.RepositoryConfigurationDelegate - Bootstrapping Spring Data JPA repositories in DEFAULT mode.
2026-09-26 13:08:49 [main] INFO  o.s.d.r.c.RepositoryConfigurationDelegate - Finished Spring Data repository scanning in 34 ms. Found 34 JPA repository interfaces.
2026-09-26 13:08:49 [main] INFO  o.s.b.w.e.tomcat.TomcatWebServer - Tomcat initialized with port 8080 (http)
2026-09-26 13:08:49 [main] INFO  o.a.coyote.http11.Http11NioProtocol - Initializing ProtocolHandler ["http-nio-8080"]
2026-09-26 13:08:49 [main] INFO  o.a.catalina.core.StandardService - Starting service [Tomcat]
2026-09-26 13:08:49 [main] INFO  o.a.catalina.core.StandardEngine - Starting Servlet engine: [Apache Tomcat/10.1.19]
2026-09-26 13:08:49 [main] INFO  o.a.c.c.C.[Tomcat].[localhost].[/] - Initializing Spring embedded WebApplicationContext
2026-09-26 13:08:49 [main] INFO  o.s.b.w.s.c.ServletWebServerApplicationContext - Root WebApplicationContext: initialization completed in 582 ms
2026-09-26 13:08:49 [main] INFO  com.zaxxer.hikari.HikariDataSource - HikariPool-1 - Starting...
2026-09-26 13:08:49 [main] INFO  com.zaxxer.hikari.pool.HikariPool - HikariPool-1 - Added connection org.postgresql.jdbc.PgConnection@65f5cae3
2026-09-26 13:08:49 [main] INFO  com.zaxxer.hikari.HikariDataSource - HikariPool-1 - Start completed.
2026-09-26 13:08:49 [main] INFO  o.f.c.i.license.VersionPrinter - Flyway Community Edition 9.22.3 by Redgate
2026-09-26 13:08:49 [main] INFO  o.f.c.i.license.VersionPrinter - See release notes here: https://rd.gt/416ObMi
2026-09-26 13:08:49 [main] INFO  o.f.c.i.license.VersionPrinter - 
2026-09-26 13:08:49 [main] INFO  org.flywaydb.core.FlywayExecutor - Database: jdbc:postgresql://localhost:5432/officer_cv (PostgreSQL 18.2)
2026-09-26 13:08:49 [main] WARN  o.f.c.i.database.base.Database - Flyway upgrade recommended: PostgreSQL 18.2 is newer than this version of Flyway and support has not been tested. The latest supported version of PostgreSQL is 15.
2026-09-26 13:08:49 [main] INFO  o.f.core.internal.command.DbValidate - Successfully validated 5 migrations (execution time 00:00.007s)
2026-09-26 13:08:49 [main] INFO  o.f.core.internal.command.DbMigrate - Current version of schema "public": 5
2026-09-26 13:08:49 [main] INFO  o.f.core.internal.command.DbMigrate - Schema "public" is up to date. No migration necessary.
2026-09-26 13:08:49 [main] INFO  o.h.jpa.internal.util.LogHelper - HHH000204: Processing PersistenceUnitInfo [name: default]
2026-09-26 13:08:49 [main] INFO  org.hibernate.Version - HHH000412: Hibernate ORM core version 6.4.4.Final
2026-09-26 13:08:49 [main] INFO  o.h.c.i.RegionFactoryInitiator - HHH000026: Second-level cache disabled
2026-09-26 13:08:49 [main] INFO  o.s.o.j.p.SpringPersistenceUnitInfo - No LoadTimeWeaver setup: ignoring JPA class transformer
2026-09-26 13:08:50 [main] INFO  o.h.e.t.j.p.i.JtaPlatformInitiator - HHH000489: No JTA platform available (set 'hibernate.transaction.jta.platform' to enable JTA platform integration)
2026-09-26 13:08:50 [main] INFO  o.hibernate.orm.connections.access - HHH10001501: Connection obtained from JdbcConnectionAccess [org.hibernate.engine.jdbc.env.internal.JdbcEnvironmentInitiator$ConnectionProviderJdbcConnectionAccess@26501edd] for (non-JTA) DDL execution was not in auto-commit mode; the Connection 'local transaction' will be committed and the Connection will be set into auto-commit mode.
2026-09-26 13:08:50 [main] INFO  o.s.o.j.LocalContainerEntityManagerFactoryBean - Initialized JPA EntityManagerFactory for persistence unit 'default'
2026-09-26 13:08:50 [main] INFO  o.s.d.j.r.query.QueryEnhancerFactory - Hibernate is in classpath; If applicable, HQL parser will be used.
2026-09-26 13:08:51 [main] INFO  o.s.b.a.e.web.EndpointLinksResolver - Exposing 2 endpoint(s) beneath base path '/actuator'
2026-09-26 13:08:51 [main] INFO  o.s.s.web.DefaultSecurityFilterChain - Will secure any request with [org.springframework.security.web.session.DisableEncodeUrlFilter@7a8495a, org.springframework.security.web.context.request.async.WebAsyncManagerIntegrationFilter@72752c99, org.springframework.security.web.context.SecurityContextHolderFilter@4a3eee8e, org.springframework.security.web.header.HeaderWriterFilter@18c1d366, org.springframework.web.filter.CorsFilter@5ecf2f06, org.springframework.security.web.authentication.logout.LogoutFilter@24c8fc5c, com.noc.employee_cv.security.LoginRateLimitFilter@7fd3df3c, com.noc.employee_cv.security.JwtFilter@6db0f5fb, org.springframework.security.web.savedrequest.RequestCacheAwareFilter@353b50cc, org.springframework.security.web.servletapi.SecurityContextHolderAwareRequestFilter@3ac09d16, org.springframework.security.web.authentication.AnonymousAuthenticationFilter@4058fff2, org.springframework.security.web.session.SessionManagementFilter@4d3eb340, org.springframework.security.web.access.ExceptionTranslationFilter@4538fda7, org.springframework.security.web.access.intercept.AuthorizationFilter@153f34aa]
2026-09-26 13:08:51 [main] INFO  o.a.coyote.http11.Http11NioProtocol - Starting ProtocolHandler ["http-nio-8080"]
2026-09-26 13:08:51 [main] INFO  o.s.b.w.e.tomcat.TomcatWebServer - Tomcat started on port 8080 (http) with context path ''
2026-09-26 13:08:51 [main] INFO  c.n.e.EmployeeCvApplication - Started EmployeeCvApplication in 3.009 seconds (process running for 3.219)
2026-09-26 13:08:52 [RMI TCP Connection(4)-127.0.0.1] INFO  o.a.c.c.C.[Tomcat].[localhost].[/] - Initializing Spring DispatcherServlet 'dispatcherServlet'
2026-09-26 13:08:52 [RMI TCP Connection(4)-127.0.0.1] INFO  o.s.web.servlet.DispatcherServlet - Initializing Servlet 'dispatcherServlet'
2026-09-26 13:08:52 [RMI TCP Connection(4)-127.0.0.1] INFO  o.s.web.servlet.DispatcherServlet - Completed initialization in 1 ms
2026-09-26 13:10:26 [SpringApplicationShutdownHook] INFO  o.s.o.j.LocalContainerEntityManagerFactoryBean - Closing JPA EntityManagerFactory for persistence unit 'default'
2026-09-26 13:10:26 [SpringApplicationShutdownHook] INFO  com.zaxxer.hikari.HikariDataSource - HikariPool-1 - Shutdown initiated...
2026-09-26 13:10:26 [SpringApplicationShutdownHook] INFO  com.zaxxer.hikari.HikariDataSource - HikariPool-1 - Shutdown completed.
2026-09-26 13:10:27 [background-preinit] INFO  o.h.validator.internal.util.Version - HV000001: Hibernate Validator 8.0.1.Final
2026-09-26 13:10:27 [main] INFO  c.n.e.EmployeeCvApplication - Starting EmployeeCvApplication using Java 25.0.2 with PID 88105 (/Users/sopheak/IdeaProjects/employee_cv/target/classes started by sopheak in /Users/sopheak/IdeaProjects/employee_cv)
2026-09-26 13:10:27 [main] INFO  c.n.e.EmployeeCvApplication - No active profile set, falling back to 1 default profile: "dev"
2026-09-26 13:10:27 [main] INFO  o.s.d.r.c.RepositoryConfigurationDelegate - Bootstrapping Spring Data JPA repositories in DEFAULT mode.
2026-09-26 13:10:27 [main] INFO  o.s.d.r.c.RepositoryConfigurationDelegate - Finished Spring Data repository scanning in 34 ms. Found 34 JPA repository interfaces.
2026-09-26 13:10:27 [main] INFO  o.s.b.w.e.tomcat.TomcatWebServer - Tomcat initialized with port 8080 (http)
2026-09-26 13:10:27 [main] INFO  o.a.coyote.http11.Http11NioProtocol - Initializing ProtocolHandler ["http-nio-8080"]
2026-09-26 13:10:27 [main] INFO  o.a.catalina.core.StandardService - Starting service [Tomcat]
2026-09-26 13:10:27 [main] INFO  o.a.catalina.core.StandardEngine - Starting Servlet engine: [Apache Tomcat/10.1.19]
2026-09-26 13:10:27 [main] INFO  o.a.c.c.C.[Tomcat].[localhost].[/] - Initializing Spring embedded WebApplicationContext
2026-09-26 13:10:27 [main] INFO  o.s.b.w.s.c.ServletWebServerApplicationContext - Root WebApplicationContext: initialization completed in 589 ms
2026-09-26 13:10:27 [main] INFO  com.zaxxer.hikari.HikariDataSource - HikariPool-1 - Starting...
2026-09-26 13:10:27 [main] INFO  com.zaxxer.hikari.pool.HikariPool - HikariPool-1 - Added connection org.postgresql.jdbc.PgConnection@1171ba7e
2026-09-26 13:10:27 [main] INFO  com.zaxxer.hikari.HikariDataSource - HikariPool-1 - Start completed.
2026-09-26 13:10:28 [main] INFO  o.f.c.i.license.VersionPrinter - Flyway Community Edition 9.22.3 by Redgate
2026-09-26 13:10:28 [main] INFO  o.f.c.i.license.VersionPrinter - See release notes here: https://rd.gt/416ObMi
2026-09-26 13:10:28 [main] INFO  o.f.c.i.license.VersionPrinter - 
2026-09-26 13:10:28 [main] INFO  org.flywaydb.core.FlywayExecutor - Database: jdbc:postgresql://localhost:5432/officer_cv (PostgreSQL 18.2)
2026-09-26 13:10:28 [main] WARN  o.f.c.i.database.base.Database - Flyway upgrade recommended: PostgreSQL 18.2 is newer than this version of Flyway and support has not been tested. The latest supported version of PostgreSQL is 15.
2026-09-26 13:10:28 [main] INFO  o.f.core.internal.command.DbValidate - Successfully validated 5 migrations (execution time 00:00.009s)
2026-09-26 13:10:28 [main] INFO  o.f.core.internal.command.DbMigrate - Current version of schema "public": 5
2026-09-26 13:10:28 [main] INFO  o.f.core.internal.command.DbMigrate - Schema "public" is up to date. No migration necessary.
2026-09-26 13:10:28 [main] INFO  o.h.jpa.internal.util.LogHelper - HHH000204: Processing PersistenceUnitInfo [name: default]
2026-09-26 13:10:28 [main] INFO  org.hibernate.Version - HHH000412: Hibernate ORM core version 6.4.4.Final
2026-09-26 13:10:28 [main] INFO  o.h.c.i.RegionFactoryInitiator - HHH000026: Second-level cache disabled
2026-09-26 13:10:28 [main] INFO  o.s.o.j.p.SpringPersistenceUnitInfo - No LoadTimeWeaver setup: ignoring JPA class transformer
2026-09-26 13:10:28 [main] INFO  o.h.e.t.j.p.i.JtaPlatformInitiator - HHH000489: No JTA platform available (set 'hibernate.transaction.jta.platform' to enable JTA platform integration)
2026-09-26 13:10:28 [main] INFO  o.hibernate.orm.connections.access - HHH10001501: Connection obtained from JdbcConnectionAccess [org.hibernate.engine.jdbc.env.internal.JdbcEnvironmentInitiator$ConnectionProviderJdbcConnectionAccess@1e085e71] for (non-JTA) DDL execution was not in auto-commit mode; the Connection 'local transaction' will be committed and the Connection will be set into auto-commit mode.
2026-09-26 13:10:28 [main] INFO  o.s.o.j.LocalContainerEntityManagerFactoryBean - Initialized JPA EntityManagerFactory for persistence unit 'default'
2026-09-26 13:10:28 [main] INFO  o.s.d.j.r.query.QueryEnhancerFactory - Hibernate is in classpath; If applicable, HQL parser will be used.
2026-09-26 13:10:29 [main] INFO  o.s.b.a.e.web.EndpointLinksResolver - Exposing 2 endpoint(s) beneath base path '/actuator'
2026-09-26 13:10:29 [main] INFO  o.s.s.web.DefaultSecurityFilterChain - Will secure any request with [org.springframework.security.web.session.DisableEncodeUrlFilter@25ce8b1d, org.springframework.security.web.context.request.async.WebAsyncManagerIntegrationFilter@73f11b47, org.springframework.security.web.context.SecurityContextHolderFilter@5245b69c, org.springframework.security.web.header.HeaderWriterFilter@5e6239d3, org.springframework.web.filter.CorsFilter@66077611, org.springframework.security.web.authentication.logout.LogoutFilter@47331e0b, com.noc.employee_cv.security.LoginRateLimitFilter@362e32b2, com.noc.employee_cv.security.JwtFilter@5c6d0169, org.springframework.security.web.savedrequest.RequestCacheAwareFilter@76e13af5, org.springframework.security.web.servletapi.SecurityContextHolderAwareRequestFilter@17c8a172, org.springframework.security.web.authentication.AnonymousAuthenticationFilter@7ce834ff, org.springframework.security.web.session.SessionManagementFilter@3fb39d03, org.springframework.security.web.access.ExceptionTranslationFilter@78f7f351, org.springframework.security.web.access.intercept.AuthorizationFilter@7925da37]
2026-09-26 13:10:30 [main] INFO  o.a.coyote.http11.Http11NioProtocol - Starting ProtocolHandler ["http-nio-8080"]
2026-09-26 13:10:30 [main] INFO  o.s.b.w.e.tomcat.TomcatWebServer - Tomcat started on port 8080 (http) with context path ''
2026-09-26 13:10:30 [main] INFO  c.n.e.EmployeeCvApplication - Started EmployeeCvApplication in 3.011 seconds (process running for 3.224)
2026-09-26 13:10:30 [RMI TCP Connection(1)-127.0.0.1] INFO  o.a.c.c.C.[Tomcat].[localhost].[/] - Initializing Spring DispatcherServlet 'dispatcherServlet'
2026-09-26 13:10:30 [RMI TCP Connection(1)-127.0.0.1] INFO  o.s.web.servlet.DispatcherServlet - Initializing Servlet 'dispatcherServlet'
2026-09-26 13:10:30 [RMI TCP Connection(1)-127.0.0.1] INFO  o.s.web.servlet.DispatcherServlet - Completed initialization in 1 ms
2026-09-26 13:12:07 [SpringApplicationShutdownHook] INFO  o.s.o.j.LocalContainerEntityManagerFactoryBean - Closing JPA EntityManagerFactory for persistence unit 'default'
2026-09-26 13:12:07 [SpringApplicationShutdownHook] INFO  com.zaxxer.hikari.HikariDataSource - HikariPool-1 - Shutdown initiated...
2026-09-26 13:12:07 [SpringApplicationShutdownHook] INFO  com.zaxxer.hikari.HikariDataSource - HikariPool-1 - Shutdown completed.
2026-09-26 13:12:08 [background-preinit] INFO  o.h.validator.internal.util.Version - HV000001: Hibernate Validator 8.0.1.Final
2026-09-26 13:12:08 [main] INFO  c.n.e.EmployeeCvApplication - Starting EmployeeCvApplication using Java 25.0.2 with PID 88456 (/Users/sopheak/IdeaProjects/employee_cv/target/classes started by sopheak in /Users/sopheak/IdeaProjects/employee_cv)
2026-09-26 13:12:08 [main] INFO  c.n.e.EmployeeCvApplication - No active profile set, falling back to 1 default profile: "dev"
2026-09-26 13:12:08 [main] INFO  o.s.d.r.c.RepositoryConfigurationDelegate - Bootstrapping Spring Data JPA repositories in DEFAULT mode.
2026-09-26 13:12:08 [main] INFO  o.s.d.r.c.RepositoryConfigurationDelegate - Finished Spring Data repository scanning in 33 ms. Found 34 JPA repository interfaces.
2026-09-26 13:12:09 [main] INFO  o.s.b.w.e.tomcat.TomcatWebServer - Tomcat initialized with port 8080 (http)
2026-09-26 13:12:09 [main] INFO  o.a.coyote.http11.Http11NioProtocol - Initializing ProtocolHandler ["http-nio-8080"]
2026-09-26 13:12:09 [main] INFO  o.a.catalina.core.StandardService - Starting service [Tomcat]
2026-09-26 13:12:09 [main] INFO  o.a.catalina.core.StandardEngine - Starting Servlet engine: [Apache Tomcat/10.1.19]
2026-09-26 13:12:09 [main] INFO  o.a.c.c.C.[Tomcat].[localhost].[/] - Initializing Spring embedded WebApplicationContext
2026-09-26 13:12:09 [main] INFO  o.s.b.w.s.c.ServletWebServerApplicationContext - Root WebApplicationContext: initialization completed in 589 ms
2026-09-26 13:12:09 [main] INFO  com.zaxxer.hikari.HikariDataSource - HikariPool-1 - Starting...
2026-09-26 13:12:09 [main] INFO  com.zaxxer.hikari.pool.HikariPool - HikariPool-1 - Added connection org.postgresql.jdbc.PgConnection@34e25492
2026-09-26 13:12:09 [main] INFO  com.zaxxer.hikari.HikariDataSource - HikariPool-1 - Start completed.
2026-09-26 13:12:09 [main] INFO  o.f.c.i.license.VersionPrinter - Flyway Community Edition 9.22.3 by Redgate
2026-09-26 13:12:09 [main] INFO  o.f.c.i.license.VersionPrinter - See release notes here: https://rd.gt/416ObMi
2026-09-26 13:12:09 [main] INFO  o.f.c.i.license.VersionPrinter - 
2026-09-26 13:12:09 [main] INFO  org.flywaydb.core.FlywayExecutor - Database: jdbc:postgresql://localhost:5432/officer_cv (PostgreSQL 18.2)
2026-09-26 13:12:09 [main] WARN  o.f.c.i.database.base.Database - Flyway upgrade recommended: PostgreSQL 18.2 is newer than this version of Flyway and support has not been tested. The latest supported version of PostgreSQL is 15.
2026-09-26 13:12:09 [main] INFO  o.f.core.internal.command.DbValidate - Successfully validated 5 migrations (execution time 00:00.008s)
2026-09-26 13:12:09 [main] INFO  o.f.core.internal.command.DbMigrate - Current version of schema "public": 5
2026-09-26 13:12:09 [main] INFO  o.f.core.internal.command.DbMigrate - Schema "public" is up to date. No migration necessary.
2026-09-26 13:12:09 [main] INFO  o.h.jpa.internal.util.LogHelper - HHH000204: Processing PersistenceUnitInfo [name: default]
2026-09-26 13:12:09 [main] INFO  org.hibernate.Version - HHH000412: Hibernate ORM core version 6.4.4.Final
2026-09-26 13:12:09 [main] INFO  o.h.c.i.RegionFactoryInitiator - HHH000026: Second-level cache disabled
2026-09-26 13:12:09 [main] INFO  o.s.o.j.p.SpringPersistenceUnitInfo - No LoadTimeWeaver setup: ignoring JPA class transformer
2026-09-26 13:12:09 [main] INFO  o.h.e.t.j.p.i.JtaPlatformInitiator - HHH000489: No JTA platform available (set 'hibernate.transaction.jta.platform' to enable JTA platform integration)
2026-09-26 13:12:09 [main] INFO  o.hibernate.orm.connections.access - HHH10001501: Connection obtained from JdbcConnectionAccess [org.hibernate.engine.jdbc.env.internal.JdbcEnvironmentInitiator$ConnectionProviderJdbcConnectionAccess@57a259c1] for (non-JTA) DDL execution was not in auto-commit mode; the Connection 'local transaction' will be committed and the Connection will be set into auto-commit mode.
2026-09-26 13:12:10 [main] INFO  o.s.o.j.LocalContainerEntityManagerFactoryBean - Initialized JPA EntityManagerFactory for persistence unit 'default'
2026-09-26 13:12:10 [main] INFO  o.s.d.j.r.query.QueryEnhancerFactory - Hibernate is in classpath; If applicable, HQL parser will be used.
2026-09-26 13:12:11 [main] INFO  o.s.b.a.e.web.EndpointLinksResolver - Exposing 2 endpoint(s) beneath base path '/actuator'
2026-09-26 13:12:11 [main] INFO  o.s.s.web.DefaultSecurityFilterChain - Will secure any request with [org.springframework.security.web.session.DisableEncodeUrlFilter@4d22b399, org.springframework.security.web.context.request.async.WebAsyncManagerIntegrationFilter@6a97c028, org.springframework.security.web.context.SecurityContextHolderFilter@ca10f2a, org.springframework.security.web.header.HeaderWriterFilter@3cd45cb8, org.springframework.web.filter.CorsFilter@646b4d24, org.springframework.security.web.authentication.logout.LogoutFilter@62241af2, com.noc.employee_cv.security.LoginRateLimitFilter@450458d7, com.noc.employee_cv.security.JwtFilter@77c668ea, org.springframework.security.web.savedrequest.RequestCacheAwareFilter@4986983e, org.springframework.security.web.servletapi.SecurityContextHolderAwareRequestFilter@9d7f247, org.springframework.security.web.authentication.AnonymousAuthenticationFilter@5e10f51e, org.springframework.security.web.session.SessionManagementFilter@76e13af5, org.springframework.security.web.access.ExceptionTranslationFilter@416628db, org.springframework.security.web.access.intercept.AuthorizationFilter@567fd3cd]
2026-09-26 13:12:11 [main] INFO  o.a.coyote.http11.Http11NioProtocol - Starting ProtocolHandler ["http-nio-8080"]
2026-09-26 13:12:11 [main] INFO  o.s.b.w.e.tomcat.TomcatWebServer - Tomcat started on port 8080 (http) with context path ''
2026-09-26 13:12:11 [main] INFO  c.n.e.EmployeeCvApplication - Started EmployeeCvApplication in 3.052 seconds (process running for 3.256)
2026-09-26 13:12:11 [RMI TCP Connection(4)-127.0.0.1] INFO  o.a.c.c.C.[Tomcat].[localhost].[/] - Initializing Spring DispatcherServlet 'dispatcherServlet'
2026-09-26 13:12:11 [RMI TCP Connection(4)-127.0.0.1] INFO  o.s.web.servlet.DispatcherServlet - Initializing Servlet 'dispatcherServlet'
2026-09-26 13:12:11 [RMI TCP Connection(4)-127.0.0.1] INFO  o.s.web.servlet.DispatcherServlet - Completed initialization in 1 ms
2026-09-26 13:14:50 [SpringApplicationShutdownHook] INFO  o.s.o.j.LocalContainerEntityManagerFactoryBean - Closing JPA EntityManagerFactory for persistence unit 'default'
2026-09-26 13:14:50 [SpringApplicationShutdownHook] INFO  com.zaxxer.hikari.HikariDataSource - HikariPool-1 - Shutdown initiated...
2026-09-26 13:14:50 [SpringApplicationShutdownHook] INFO  com.zaxxer.hikari.HikariDataSource - HikariPool-1 - Shutdown completed.
2026-09-26 13:14:51 [background-preinit] INFO  o.h.validator.internal.util.Version - HV000001: Hibernate Validator 8.0.1.Final
2026-09-26 13:14:51 [main] INFO  c.n.e.EmployeeCvApplication - Starting EmployeeCvApplication using Java 25.0.2 with PID 89090 (/Users/sopheak/IdeaProjects/employee_cv/target/classes started by sopheak in /Users/sopheak/IdeaProjects/employee_cv)
2026-09-26 13:14:51 [main] INFO  c.n.e.EmployeeCvApplication - No active profile set, falling back to 1 default profile: "dev"
2026-09-26 13:14:51 [main] INFO  o.s.d.r.c.RepositoryConfigurationDelegate - Bootstrapping Spring Data JPA repositories in DEFAULT mode.
2026-09-26 13:14:52 [main] INFO  o.s.d.r.c.RepositoryConfigurationDelegate - Finished Spring Data repository scanning in 35 ms. Found 34 JPA repository interfaces.
2026-09-26 13:14:52 [main] INFO  o.s.b.w.e.tomcat.TomcatWebServer - Tomcat initialized with port 8080 (http)
2026-09-26 13:14:52 [main] INFO  o.a.coyote.http11.Http11NioProtocol - Initializing ProtocolHandler ["http-nio-8080"]
2026-09-26 13:14:52 [main] INFO  o.a.catalina.core.StandardService - Starting service [Tomcat]
2026-09-26 13:14:52 [main] INFO  o.a.catalina.core.StandardEngine - Starting Servlet engine: [Apache Tomcat/10.1.19]
2026-09-26 13:14:52 [main] INFO  o.a.c.c.C.[Tomcat].[localhost].[/] - Initializing Spring embedded WebApplicationContext
2026-09-26 13:14:52 [main] INFO  o.s.b.w.s.c.ServletWebServerApplicationContext - Root WebApplicationContext: initialization completed in 581 ms
2026-09-26 13:14:52 [main] INFO  com.zaxxer.hikari.HikariDataSource - HikariPool-1 - Starting...
2026-09-26 13:14:52 [main] INFO  com.zaxxer.hikari.pool.HikariPool - HikariPool-1 - Added connection org.postgresql.jdbc.PgConnection@5909ae90
2026-09-26 13:14:52 [main] INFO  com.zaxxer.hikari.HikariDataSource - HikariPool-1 - Start completed.
2026-09-26 13:14:52 [main] INFO  o.f.c.i.license.VersionPrinter - Flyway Community Edition 9.22.3 by Redgate
2026-09-26 13:14:52 [main] INFO  o.f.c.i.license.VersionPrinter - See release notes here: https://rd.gt/416ObMi
2026-09-26 13:14:52 [main] INFO  o.f.c.i.license.VersionPrinter - 
2026-09-26 13:14:52 [main] INFO  org.flywaydb.core.FlywayExecutor - Database: jdbc:postgresql://localhost:5432/officer_cv (PostgreSQL 18.2)
2026-09-26 13:14:52 [main] WARN  o.f.c.i.database.base.Database - Flyway upgrade recommended: PostgreSQL 18.2 is newer than this version of Flyway and support has not been tested. The latest supported version of PostgreSQL is 15.
2026-09-26 13:14:52 [main] INFO  o.f.core.internal.command.DbValidate - Successfully validated 5 migrations (execution time 00:00.008s)
2026-09-26 13:14:52 [main] INFO  o.f.core.internal.command.DbMigrate - Current version of schema "public": 5
2026-09-26 13:14:52 [main] INFO  o.f.core.internal.command.DbMigrate - Schema "public" is up to date. No migration necessary.
2026-09-26 13:14:52 [main] INFO  o.h.jpa.internal.util.LogHelper - HHH000204: Processing PersistenceUnitInfo [name: default]
2026-09-26 13:14:52 [main] INFO  org.hibernate.Version - HHH000412: Hibernate ORM core version 6.4.4.Final
2026-09-26 13:14:52 [main] INFO  o.h.c.i.RegionFactoryInitiator - HHH000026: Second-level cache disabled
2026-09-26 13:14:52 [main] INFO  o.s.o.j.p.SpringPersistenceUnitInfo - No LoadTimeWeaver setup: ignoring JPA class transformer
2026-09-26 13:14:53 [main] INFO  o.h.e.t.j.p.i.JtaPlatformInitiator - HHH000489: No JTA platform available (set 'hibernate.transaction.jta.platform' to enable JTA platform integration)
2026-09-26 13:14:53 [main] INFO  o.hibernate.orm.connections.access - HHH10001501: Connection obtained from JdbcConnectionAccess [org.hibernate.engine.jdbc.env.internal.JdbcEnvironmentInitiator$ConnectionProviderJdbcConnectionAccess@4b6575fd] for (non-JTA) DDL execution was not in auto-commit mode; the Connection 'local transaction' will be committed and the Connection will be set into auto-commit mode.
2026-09-26 13:14:53 [main] INFO  o.s.o.j.LocalContainerEntityManagerFactoryBean - Initialized JPA EntityManagerFactory for persistence unit 'default'
2026-09-26 13:14:53 [main] INFO  o.s.d.j.r.query.QueryEnhancerFactory - Hibernate is in classpath; If applicable, HQL parser will be used.
2026-09-26 13:14:54 [main] INFO  o.s.b.a.e.web.EndpointLinksResolver - Exposing 2 endpoint(s) beneath base path '/actuator'
2026-09-26 13:14:54 [main] INFO  o.s.s.web.DefaultSecurityFilterChain - Will secure any request with [org.springframework.security.web.session.DisableEncodeUrlFilter@578e4723, org.springframework.security.web.context.request.async.WebAsyncManagerIntegrationFilter@153f34aa, org.springframework.security.web.context.SecurityContextHolderFilter@4d3eb340, org.springframework.security.web.header.HeaderWriterFilter@1d8f3368, org.springframework.web.filter.CorsFilter@498785eb, org.springframework.security.web.authentication.logout.LogoutFilter@2dea187e, com.noc.employee_cv.security.LoginRateLimitFilter@1d7694b9, com.noc.employee_cv.security.JwtFilter@7f6dbff5, org.springframework.security.web.savedrequest.RequestCacheAwareFilter@4485cd1, org.springframework.security.web.servletapi.SecurityContextHolderAwareRequestFilter@4ea4e614, org.springframework.security.web.authentication.AnonymousAuthenticationFilter@4e4c5b5a, org.springframework.security.web.session.SessionManagementFilter@26174f13, org.springframework.security.web.access.ExceptionTranslationFilter@2df721a, org.springframework.security.web.access.intercept.AuthorizationFilter@23aeacdf]
2026-09-26 13:14:54 [main] INFO  o.a.coyote.http11.Http11NioProtocol - Starting ProtocolHandler ["http-nio-8080"]
2026-09-26 13:14:54 [main] INFO  o.s.b.w.e.tomcat.TomcatWebServer - Tomcat started on port 8080 (http) with context path ''
2026-09-26 13:14:54 [main] INFO  c.n.e.EmployeeCvApplication - Started EmployeeCvApplication in 2.959 seconds (process running for 3.192)
2026-09-26 13:14:54 [RMI TCP Connection(3)-127.0.0.1] INFO  o.a.c.c.C.[Tomcat].[localhost].[/] - Initializing Spring DispatcherServlet 'dispatcherServlet'
2026-09-26 13:14:54 [RMI TCP Connection(3)-127.0.0.1] INFO  o.s.web.servlet.DispatcherServlet - Initializing Servlet 'dispatcherServlet'
2026-09-26 13:14:54 [RMI TCP Connection(3)-127.0.0.1] INFO  o.s.web.servlet.DispatcherServlet - Completed initialization in 1 ms
2026-09-26 13:17:53 [SpringApplicationShutdownHook] INFO  o.s.o.j.LocalContainerEntityManagerFactoryBean - Closing JPA EntityManagerFactory for persistence unit 'default'
2026-09-26 13:17:53 [SpringApplicationShutdownHook] INFO  com.zaxxer.hikari.HikariDataSource - HikariPool-1 - Shutdown initiated...
2026-09-26 13:17:53 [SpringApplicationShutdownHook] INFO  com.zaxxer.hikari.HikariDataSource - HikariPool-1 - Shutdown completed.
2026-09-26 13:17:54 [background-preinit] INFO  o.h.validator.internal.util.Version - HV000001: Hibernate Validator 8.0.1.Final
2026-09-26 13:17:54 [main] INFO  c.n.e.EmployeeCvApplication - Starting EmployeeCvApplication using Java 25.0.2 with PID 89760 (/Users/sopheak/IdeaProjects/employee_cv/target/classes started by sopheak in /Users/sopheak/IdeaProjects/employee_cv)
2026-09-26 13:17:54 [main] INFO  c.n.e.EmployeeCvApplication - No active profile set, falling back to 1 default profile: "dev"
2026-09-26 13:17:55 [main] INFO  o.s.d.r.c.RepositoryConfigurationDelegate - Bootstrapping Spring Data JPA repositories in DEFAULT mode.
2026-09-26 13:17:55 [main] INFO  o.s.d.r.c.RepositoryConfigurationDelegate - Finished Spring Data repository scanning in 34 ms. Found 34 JPA repository interfaces.
2026-09-26 13:17:55 [main] INFO  o.s.b.w.e.tomcat.TomcatWebServer - Tomcat initialized with port 8080 (http)
2026-09-26 13:17:55 [main] INFO  o.a.coyote.http11.Http11NioProtocol - Initializing ProtocolHandler ["http-nio-8080"]
2026-09-26 13:17:55 [main] INFO  o.a.catalina.core.StandardService - Starting service [Tomcat]
2026-09-26 13:17:55 [main] INFO  o.a.catalina.core.StandardEngine - Starting Servlet engine: [Apache Tomcat/10.1.19]
2026-09-26 13:17:55 [main] INFO  o.a.c.c.C.[Tomcat].[localhost].[/] - Initializing Spring embedded WebApplicationContext
2026-09-26 13:17:55 [main] INFO  o.s.b.w.s.c.ServletWebServerApplicationContext - Root WebApplicationContext: initialization completed in 654 ms
2026-09-26 13:17:55 [main] INFO  com.zaxxer.hikari.HikariDataSource - HikariPool-1 - Starting...
2026-09-26 13:17:55 [main] INFO  com.zaxxer.hikari.pool.HikariPool - HikariPool-1 - Added connection org.postgresql.jdbc.PgConnection@25d9291a
2026-09-26 13:17:55 [main] INFO  com.zaxxer.hikari.HikariDataSource - HikariPool-1 - Start completed.
2026-09-26 13:17:55 [main] INFO  o.f.c.i.license.VersionPrinter - Flyway Community Edition 9.22.3 by Redgate
2026-09-26 13:17:55 [main] INFO  o.f.c.i.license.VersionPrinter - See release notes here: https://rd.gt/416ObMi
2026-09-26 13:17:55 [main] INFO  o.f.c.i.license.VersionPrinter - 
2026-09-26 13:17:55 [main] INFO  org.flywaydb.core.FlywayExecutor - Database: jdbc:postgresql://localhost:5432/officer_cv (PostgreSQL 18.2)
2026-09-26 13:17:55 [main] WARN  o.f.c.i.database.base.Database - Flyway upgrade recommended: PostgreSQL 18.2 is newer than this version of Flyway and support has not been tested. The latest supported version of PostgreSQL is 15.
2026-09-26 13:17:55 [main] INFO  o.f.core.internal.command.DbValidate - Successfully validated 5 migrations (execution time 00:00.011s)
2026-09-26 13:17:55 [main] INFO  o.f.core.internal.command.DbMigrate - Current version of schema "public": 5
2026-09-26 13:17:55 [main] INFO  o.f.core.internal.command.DbMigrate - Schema "public" is up to date. No migration necessary.
2026-09-26 13:17:55 [main] INFO  o.h.jpa.internal.util.LogHelper - HHH000204: Processing PersistenceUnitInfo [name: default]
2026-09-26 13:17:55 [main] INFO  org.hibernate.Version - HHH000412: Hibernate ORM core version 6.4.4.Final
2026-09-26 13:17:55 [main] INFO  o.h.c.i.RegionFactoryInitiator - HHH000026: Second-level cache disabled
2026-09-26 13:17:55 [main] INFO  o.s.o.j.p.SpringPersistenceUnitInfo - No LoadTimeWeaver setup: ignoring JPA class transformer
2026-09-26 13:17:56 [main] INFO  o.h.e.t.j.p.i.JtaPlatformInitiator - HHH000489: No JTA platform available (set 'hibernate.transaction.jta.platform' to enable JTA platform integration)
2026-09-26 13:17:56 [main] INFO  o.hibernate.orm.connections.access - HHH10001501: Connection obtained from JdbcConnectionAccess [org.hibernate.engine.jdbc.env.internal.JdbcEnvironmentInitiator$ConnectionProviderJdbcConnectionAccess@13e76a91] for (non-JTA) DDL execution was not in auto-commit mode; the Connection 'local transaction' will be committed and the Connection will be set into auto-commit mode.
2026-09-26 13:17:56 [main] INFO  o.s.o.j.LocalContainerEntityManagerFactoryBean - Initialized JPA EntityManagerFactory for persistence unit 'default'
2026-09-26 13:17:56 [main] INFO  o.s.d.j.r.query.QueryEnhancerFactory - Hibernate is in classpath; If applicable, HQL parser will be used.
2026-09-26 13:17:57 [main] INFO  o.s.b.a.e.web.EndpointLinksResolver - Exposing 2 endpoint(s) beneath base path '/actuator'
2026-09-26 13:17:57 [main] INFO  o.s.s.web.DefaultSecurityFilterChain - Will secure any request with [org.springframework.security.web.session.DisableEncodeUrlFilter@567fd3cd, org.springframework.security.web.context.request.async.WebAsyncManagerIntegrationFilter@b1590ed, org.springframework.security.web.context.SecurityContextHolderFilter@78c6917, org.springframework.security.web.header.HeaderWriterFilter@12f68481, org.springframework.web.filter.CorsFilter@366702bc, org.springframework.security.web.authentication.logout.LogoutFilter@724661b1, com.noc.employee_cv.security.LoginRateLimitFilter@491dfd8e, com.noc.employee_cv.security.JwtFilter@1ecb92f9, org.springframework.security.web.savedrequest.RequestCacheAwareFilter@ca10f2a, org.springframework.security.web.servletapi.SecurityContextHolderAwareRequestFilter@4dda06f0, org.springframework.security.web.authentication.AnonymousAuthenticationFilter@656be542, org.springframework.security.web.session.SessionManagementFilter@5245b69c, org.springframework.security.web.access.ExceptionTranslationFilter@2c549f19, org.springframework.security.web.access.intercept.AuthorizationFilter@73f11b47]
2026-09-26 13:17:57 [main] INFO  o.a.coyote.http11.Http11NioProtocol - Starting ProtocolHandler ["http-nio-8080"]
2026-09-26 13:17:57 [main] INFO  o.s.b.w.e.tomcat.TomcatWebServer - Tomcat started on port 8080 (http) with context path ''
2026-09-26 13:17:57 [main] INFO  c.n.e.EmployeeCvApplication - Started EmployeeCvApplication in 3.207 seconds (process running for 3.42)
2026-09-26 13:17:58 [RMI TCP Connection(1)-127.0.0.1] INFO  o.a.c.c.C.[Tomcat].[localhost].[/] - Initializing Spring DispatcherServlet 'dispatcherServlet'
2026-09-26 13:17:58 [RMI TCP Connection(1)-127.0.0.1] INFO  o.s.web.servlet.DispatcherServlet - Initializing Servlet 'dispatcherServlet'
2026-09-26 13:17:58 [RMI TCP Connection(1)-127.0.0.1] INFO  o.s.web.servlet.DispatcherServlet - Completed initialization in 1 ms
2026-09-26 13:19:26 [SpringApplicationShutdownHook] INFO  o.s.o.j.LocalContainerEntityManagerFactoryBean - Closing JPA EntityManagerFactory for persistence unit 'default'
2026-09-26 13:19:26 [SpringApplicationShutdownHook] INFO  com.zaxxer.hikari.HikariDataSource - HikariPool-1 - Shutdown initiated...
2026-09-26 13:19:26 [SpringApplicationShutdownHook] INFO  com.zaxxer.hikari.HikariDataSource - HikariPool-1 - Shutdown completed.
2026-09-26 13:19:27 [background-preinit] INFO  o.h.validator.internal.util.Version - HV000001: Hibernate Validator 8.0.1.Final
2026-09-26 13:19:27 [main] INFO  c.n.e.EmployeeCvApplication - Starting EmployeeCvApplication using Java 25.0.2 with PID 90122 (/Users/sopheak/IdeaProjects/employee_cv/target/classes started by sopheak in /Users/sopheak/IdeaProjects/employee_cv)
2026-09-26 13:19:27 [main] INFO  c.n.e.EmployeeCvApplication - No active profile set, falling back to 1 default profile: "dev"
2026-09-26 13:19:28 [main] INFO  o.s.d.r.c.RepositoryConfigurationDelegate - Bootstrapping Spring Data JPA repositories in DEFAULT mode.
2026-09-26 13:19:28 [main] INFO  o.s.d.r.c.RepositoryConfigurationDelegate - Finished Spring Data repository scanning in 34 ms. Found 34 JPA repository interfaces.
2026-09-26 13:19:28 [main] INFO  o.s.b.w.e.tomcat.TomcatWebServer - Tomcat initialized with port 8080 (http)
2026-09-26 13:19:28 [main] INFO  o.a.coyote.http11.Http11NioProtocol - Initializing ProtocolHandler ["http-nio-8080"]
2026-09-26 13:19:28 [main] INFO  o.a.catalina.core.StandardService - Starting service [Tomcat]
2026-09-26 13:19:28 [main] INFO  o.a.catalina.core.StandardEngine - Starting Servlet engine: [Apache Tomcat/10.1.19]
2026-09-26 13:19:28 [main] INFO  o.a.c.c.C.[Tomcat].[localhost].[/] - Initializing Spring embedded WebApplicationContext
2026-09-26 13:19:28 [main] INFO  o.s.b.w.s.c.ServletWebServerApplicationContext - Root WebApplicationContext: initialization completed in 580 ms
2026-09-26 13:19:28 [main] INFO  com.zaxxer.hikari.HikariDataSource - HikariPool-1 - Starting...
2026-09-26 13:19:28 [main] INFO  com.zaxxer.hikari.pool.HikariPool - HikariPool-1 - Added connection org.postgresql.jdbc.PgConnection@4489f60f
2026-09-26 13:19:28 [main] INFO  com.zaxxer.hikari.HikariDataSource - HikariPool-1 - Start completed.
2026-09-26 13:19:28 [main] INFO  o.f.c.i.license.VersionPrinter - Flyway Community Edition 9.22.3 by Redgate
2026-09-26 13:19:28 [main] INFO  o.f.c.i.license.VersionPrinter - See release notes here: https://rd.gt/416ObMi
2026-09-26 13:19:28 [main] INFO  o.f.c.i.license.VersionPrinter - 
2026-09-26 13:19:28 [main] INFO  org.flywaydb.core.FlywayExecutor - Database: jdbc:postgresql://localhost:5432/officer_cv (PostgreSQL 18.2)
2026-09-26 13:19:28 [main] WARN  o.f.c.i.database.base.Database - Flyway upgrade recommended: PostgreSQL 18.2 is newer than this version of Flyway and support has not been tested. The latest supported version of PostgreSQL is 15.
2026-09-26 13:19:28 [main] INFO  o.f.core.internal.command.DbValidate - Successfully validated 5 migrations (execution time 00:00.009s)
2026-09-26 13:19:28 [main] INFO  o.f.core.internal.command.DbMigrate - Current version of schema "public": 5
2026-09-26 13:19:28 [main] INFO  o.f.core.internal.command.DbMigrate - Schema "public" is up to date. No migration necessary.
2026-09-26 13:19:28 [main] INFO  o.h.jpa.internal.util.LogHelper - HHH000204: Processing PersistenceUnitInfo [name: default]
2026-09-26 13:19:28 [main] INFO  org.hibernate.Version - HHH000412: Hibernate ORM core version 6.4.4.Final
2026-09-26 13:19:28 [main] INFO  o.h.c.i.RegionFactoryInitiator - HHH000026: Second-level cache disabled
2026-09-26 13:19:28 [main] INFO  o.s.o.j.p.SpringPersistenceUnitInfo - No LoadTimeWeaver setup: ignoring JPA class transformer
2026-09-26 13:19:29 [main] INFO  o.h.e.t.j.p.i.JtaPlatformInitiator - HHH000489: No JTA platform available (set 'hibernate.transaction.jta.platform' to enable JTA platform integration)
2026-09-26 13:19:29 [main] INFO  o.hibernate.orm.connections.access - HHH10001501: Connection obtained from JdbcConnectionAccess [org.hibernate.engine.jdbc.env.internal.JdbcEnvironmentInitiator$ConnectionProviderJdbcConnectionAccess@6be7a271] for (non-JTA) DDL execution was not in auto-commit mode; the Connection 'local transaction' will be committed and the Connection will be set into auto-commit mode.
2026-09-26 13:19:29 [main] INFO  o.s.o.j.LocalContainerEntityManagerFactoryBean - Initialized JPA EntityManagerFactory for persistence unit 'default'
2026-09-26 13:19:29 [main] INFO  o.s.d.j.r.query.QueryEnhancerFactory - Hibernate is in classpath; If applicable, HQL parser will be used.
2026-09-26 13:19:30 [main] INFO  o.s.b.a.e.web.EndpointLinksResolver - Exposing 2 endpoint(s) beneath base path '/actuator'
2026-09-26 13:19:30 [main] INFO  o.s.s.web.DefaultSecurityFilterChain - Will secure any request with [org.springframework.security.web.session.DisableEncodeUrlFilter@6763b3e, org.springframework.security.web.context.request.async.WebAsyncManagerIntegrationFilter@52b43d58, org.springframework.security.web.context.SecurityContextHolderFilter@4986983e, org.springframework.security.web.header.HeaderWriterFilter@4ea4e614, org.springframework.web.filter.CorsFilter@6c884847, org.springframework.security.web.authentication.logout.LogoutFilter@153f34aa, com.noc.employee_cv.security.LoginRateLimitFilter@6cfecf92, com.noc.employee_cv.security.JwtFilter@6546f3f0, org.springframework.security.web.savedrequest.RequestCacheAwareFilter@74edcc2b, org.springframework.security.web.servletapi.SecurityContextHolderAwareRequestFilter@27bfff74, org.springframework.security.web.authentication.AnonymousAuthenticationFilter@35e9e8cd, org.springframework.security.web.session.SessionManagementFilter@680107ec, org.springframework.security.web.access.ExceptionTranslationFilter@3d6e7acc, org.springframework.security.web.access.intercept.AuthorizationFilter@4d22b399]
2026-09-26 13:19:30 [main] INFO  o.a.coyote.http11.Http11NioProtocol - Starting ProtocolHandler ["http-nio-8080"]
2026-09-26 13:19:30 [main] INFO  o.s.b.w.e.tomcat.TomcatWebServer - Tomcat started on port 8080 (http) with context path ''
2026-09-26 13:19:30 [main] INFO  c.n.e.EmployeeCvApplication - Started EmployeeCvApplication in 3.076 seconds (process running for 3.281)
2026-09-26 13:19:31 [RMI TCP Connection(3)-127.0.0.1] INFO  o.a.c.c.C.[Tomcat].[localhost].[/] - Initializing Spring DispatcherServlet 'dispatcherServlet'
2026-09-26 13:19:31 [RMI TCP Connection(3)-127.0.0.1] INFO  o.s.web.servlet.DispatcherServlet - Initializing Servlet 'dispatcherServlet'
2026-09-26 13:19:31 [RMI TCP Connection(3)-127.0.0.1] INFO  o.s.web.servlet.DispatcherServlet - Completed initialization in 2 ms
2026-09-26 13:20:02 [SpringApplicationShutdownHook] INFO  o.s.o.j.LocalContainerEntityManagerFactoryBean - Closing JPA EntityManagerFactory for persistence unit 'default'
2026-09-26 13:20:02 [SpringApplicationShutdownHook] INFO  com.zaxxer.hikari.HikariDataSource - HikariPool-1 - Shutdown initiated...
2026-09-26 13:20:02 [SpringApplicationShutdownHook] INFO  com.zaxxer.hikari.HikariDataSource - HikariPool-1 - Shutdown completed.
2026-09-26 13:20:03 [background-preinit] INFO  o.h.validator.internal.util.Version - HV000001: Hibernate Validator 8.0.1.Final
2026-09-26 13:20:03 [main] INFO  c.n.e.EmployeeCvApplication - Starting EmployeeCvApplication using Java 25.0.2 with PID 90246 (/Users/sopheak/IdeaProjects/employee_cv/target/classes started by sopheak in /Users/sopheak/IdeaProjects/employee_cv)
2026-09-26 13:20:03 [main] INFO  c.n.e.EmployeeCvApplication - No active profile set, falling back to 1 default profile: "dev"
2026-09-26 13:20:03 [main] INFO  o.s.d.r.c.RepositoryConfigurationDelegate - Bootstrapping Spring Data JPA repositories in DEFAULT mode.
2026-09-26 13:20:03 [main] INFO  o.s.d.r.c.RepositoryConfigurationDelegate - Finished Spring Data repository scanning in 34 ms. Found 34 JPA repository interfaces.
2026-09-26 13:20:03 [main] INFO  o.s.b.w.e.tomcat.TomcatWebServer - Tomcat initialized with port 8080 (http)
2026-09-26 13:20:03 [main] INFO  o.a.coyote.http11.Http11NioProtocol - Initializing ProtocolHandler ["http-nio-8080"]
2026-09-26 13:20:03 [main] INFO  o.a.catalina.core.StandardService - Starting service [Tomcat]
2026-09-26 13:20:03 [main] INFO  o.a.catalina.core.StandardEngine - Starting Servlet engine: [Apache Tomcat/10.1.19]
2026-09-26 13:20:03 [main] INFO  o.a.c.c.C.[Tomcat].[localhost].[/] - Initializing Spring embedded WebApplicationContext
2026-09-26 13:20:03 [main] INFO  o.s.b.w.s.c.ServletWebServerApplicationContext - Root WebApplicationContext: initialization completed in 579 ms
2026-09-26 13:20:03 [main] INFO  com.zaxxer.hikari.HikariDataSource - HikariPool-1 - Starting...
2026-09-26 13:20:03 [main] INFO  com.zaxxer.hikari.pool.HikariPool - HikariPool-1 - Added connection org.postgresql.jdbc.PgConnection@5a7a6d34
2026-09-26 13:20:03 [main] INFO  com.zaxxer.hikari.HikariDataSource - HikariPool-1 - Start completed.
2026-09-26 13:20:03 [main] INFO  o.f.c.i.license.VersionPrinter - Flyway Community Edition 9.22.3 by Redgate
2026-09-26 13:20:03 [main] INFO  o.f.c.i.license.VersionPrinter - See release notes here: https://rd.gt/416ObMi
2026-09-26 13:20:03 [main] INFO  o.f.c.i.license.VersionPrinter - 
2026-09-26 13:20:03 [main] INFO  org.flywaydb.core.FlywayExecutor - Database: jdbc:postgresql://localhost:5432/officer_cv (PostgreSQL 18.2)
2026-09-26 13:20:03 [main] WARN  o.f.c.i.database.base.Database - Flyway upgrade recommended: PostgreSQL 18.2 is newer than this version of Flyway and support has not been tested. The latest supported version of PostgreSQL is 15.
2026-09-26 13:20:03 [main] INFO  o.f.core.internal.command.DbValidate - Successfully validated 5 migrations (execution time 00:00.009s)
2026-09-26 13:20:03 [main] INFO  o.f.core.internal.command.DbMigrate - Current version of schema "public": 5
2026-09-26 13:20:03 [main] INFO  o.f.core.internal.command.DbMigrate - Schema "public" is up to date. No migration necessary.
2026-09-26 13:20:03 [main] INFO  o.h.jpa.internal.util.LogHelper - HHH000204: Processing PersistenceUnitInfo [name: default]
2026-09-26 13:20:03 [main] INFO  org.hibernate.Version - HHH000412: Hibernate ORM core version 6.4.4.Final
2026-09-26 13:20:03 [main] INFO  o.h.c.i.RegionFactoryInitiator - HHH000026: Second-level cache disabled
2026-09-26 13:20:03 [main] INFO  o.s.o.j.p.SpringPersistenceUnitInfo - No LoadTimeWeaver setup: ignoring JPA class transformer
2026-09-26 13:20:04 [main] INFO  o.h.e.t.j.p.i.JtaPlatformInitiator - HHH000489: No JTA platform available (set 'hibernate.transaction.jta.platform' to enable JTA platform integration)
2026-09-26 13:20:04 [main] INFO  o.hibernate.orm.connections.access - HHH10001501: Connection obtained from JdbcConnectionAccess [org.hibernate.engine.jdbc.env.internal.JdbcEnvironmentInitiator$ConnectionProviderJdbcConnectionAccess@5843ab8] for (non-JTA) DDL execution was not in auto-commit mode; the Connection 'local transaction' will be committed and the Connection will be set into auto-commit mode.
2026-09-26 13:20:04 [main] INFO  o.s.o.j.LocalContainerEntityManagerFactoryBean - Initialized JPA EntityManagerFactory for persistence unit 'default'
2026-09-26 13:20:04 [main] INFO  o.s.d.j.r.query.QueryEnhancerFactory - Hibernate is in classpath; If applicable, HQL parser will be used.
2026-09-26 13:20:05 [main] INFO  o.s.b.a.e.web.EndpointLinksResolver - Exposing 2 endpoint(s) beneath base path '/actuator'
2026-09-26 13:20:05 [main] INFO  o.s.s.web.DefaultSecurityFilterChain - Will secure any request with [org.springframework.security.web.session.DisableEncodeUrlFilter@4d22b399, org.springframework.security.web.context.request.async.WebAsyncManagerIntegrationFilter@6a97c028, org.springframework.security.web.context.SecurityContextHolderFilter@17c8a172, org.springframework.security.web.header.HeaderWriterFilter@3d6e7acc, org.springframework.web.filter.CorsFilter@646b4d24, org.springframework.security.web.authentication.logout.LogoutFilter@62241af2, com.noc.employee_cv.security.LoginRateLimitFilter@61fd8c74, com.noc.employee_cv.security.JwtFilter@c0e2302, org.springframework.security.web.savedrequest.RequestCacheAwareFilter@2d045adb, org.springframework.security.web.servletapi.SecurityContextHolderAwareRequestFilter@9d7f247, org.springframework.security.web.authentication.AnonymousAuthenticationFilter@5e10f51e, org.springframework.security.web.session.SessionManagementFilter@29b99c50, org.springframework.security.web.access.ExceptionTranslationFilter@26174f13, org.springframework.security.web.access.intercept.AuthorizationFilter@567fd3cd]
2026-09-26 13:20:05 [main] INFO  o.a.coyote.http11.Http11NioProtocol - Starting ProtocolHandler ["http-nio-8080"]
2026-09-26 13:20:05 [main] INFO  o.s.b.w.e.tomcat.TomcatWebServer - Tomcat started on port 8080 (http) with context path ''
2026-09-26 13:20:05 [main] INFO  c.n.e.EmployeeCvApplication - Started EmployeeCvApplication in 3.048 seconds (process running for 3.259)
2026-09-26 13:20:06 [RMI TCP Connection(1)-127.0.0.1] INFO  o.a.c.c.C.[Tomcat].[localhost].[/] - Initializing Spring DispatcherServlet 'dispatcherServlet'
2026-09-26 13:20:06 [RMI TCP Connection(1)-127.0.0.1] INFO  o.s.web.servlet.DispatcherServlet - Initializing Servlet 'dispatcherServlet'
2026-09-26 13:20:06 [RMI TCP Connection(1)-127.0.0.1] INFO  o.s.web.servlet.DispatcherServlet - Completed initialization in 1 ms
2026-09-26 13:20:40 [SpringApplicationShutdownHook] INFO  o.s.o.j.LocalContainerEntityManagerFactoryBean - Closing JPA EntityManagerFactory for persistence unit 'default'
2026-09-26 13:20:40 [SpringApplicationShutdownHook] INFO  com.zaxxer.hikari.HikariDataSource - HikariPool-1 - Shutdown initiated...
2026-09-26 13:20:40 [SpringApplicationShutdownHook] INFO  com.zaxxer.hikari.HikariDataSource - HikariPool-1 - Shutdown completed.
2026-09-26 13:20:41 [background-preinit] INFO  o.h.validator.internal.util.Version - HV000001: Hibernate Validator 8.0.1.Final
2026-09-26 13:20:41 [main] INFO  c.n.e.EmployeeCvApplication - Starting EmployeeCvApplication using Java 25.0.2 with PID 90431 (/Users/sopheak/IdeaProjects/employee_cv/target/classes started by sopheak in /Users/sopheak/IdeaProjects/employee_cv)
2026-09-26 13:20:41 [main] INFO  c.n.e.EmployeeCvApplication - No active profile set, falling back to 1 default profile: "dev"
2026-09-26 13:20:41 [main] INFO  o.s.d.r.c.RepositoryConfigurationDelegate - Bootstrapping Spring Data JPA repositories in DEFAULT mode.
2026-09-26 13:20:41 [main] INFO  o.s.d.r.c.RepositoryConfigurationDelegate - Finished Spring Data repository scanning in 34 ms. Found 34 JPA repository interfaces.
2026-09-26 13:20:41 [main] INFO  o.s.b.w.e.tomcat.TomcatWebServer - Tomcat initialized with port 8080 (http)
2026-09-26 13:20:41 [main] INFO  o.a.coyote.http11.Http11NioProtocol - Initializing ProtocolHandler ["http-nio-8080"]
2026-09-26 13:20:41 [main] INFO  o.a.catalina.core.StandardService - Starting service [Tomcat]
2026-09-26 13:20:41 [main] INFO  o.a.catalina.core.StandardEngine - Starting Servlet engine: [Apache Tomcat/10.1.19]
2026-09-26 13:20:42 [main] INFO  o.a.c.c.C.[Tomcat].[localhost].[/] - Initializing Spring embedded WebApplicationContext
2026-09-26 13:20:42 [main] INFO  o.s.b.w.s.c.ServletWebServerApplicationContext - Root WebApplicationContext: initialization completed in 578 ms
2026-09-26 13:20:42 [main] INFO  com.zaxxer.hikari.HikariDataSource - HikariPool-1 - Starting...
2026-09-26 13:20:42 [main] INFO  com.zaxxer.hikari.pool.HikariPool - HikariPool-1 - Added connection org.postgresql.jdbc.PgConnection@1aaf46e6
2026-09-26 13:20:42 [main] INFO  com.zaxxer.hikari.HikariDataSource - HikariPool-1 - Start completed.
2026-09-26 13:20:42 [main] INFO  o.f.c.i.license.VersionPrinter - Flyway Community Edition 9.22.3 by Redgate
2026-09-26 13:20:42 [main] INFO  o.f.c.i.license.VersionPrinter - See release notes here: https://rd.gt/416ObMi
2026-09-26 13:20:42 [main] INFO  o.f.c.i.license.VersionPrinter - 
2026-09-26 13:20:42 [main] INFO  org.flywaydb.core.FlywayExecutor - Database: jdbc:postgresql://localhost:5432/officer_cv (PostgreSQL 18.2)
2026-09-26 13:20:42 [main] WARN  o.f.c.i.database.base.Database - Flyway upgrade recommended: PostgreSQL 18.2 is newer than this version of Flyway and support has not been tested. The latest supported version of PostgreSQL is 15.
2026-09-26 13:20:42 [main] INFO  o.f.core.internal.command.DbValidate - Successfully validated 5 migrations (execution time 00:00.008s)
2026-09-26 13:20:42 [main] INFO  o.f.core.internal.command.DbMigrate - Current version of schema "public": 5
2026-09-26 13:20:42 [main] INFO  o.f.core.internal.command.DbMigrate - Schema "public" is up to date. No migration necessary.
2026-09-26 13:20:42 [main] INFO  o.h.jpa.internal.util.LogHelper - HHH000204: Processing PersistenceUnitInfo [name: default]
2026-09-26 13:20:42 [main] INFO  org.hibernate.Version - HHH000412: Hibernate ORM core version 6.4.4.Final
2026-09-26 13:20:42 [main] INFO  o.h.c.i.RegionFactoryInitiator - HHH000026: Second-level cache disabled
2026-09-26 13:20:42 [main] INFO  o.s.o.j.p.SpringPersistenceUnitInfo - No LoadTimeWeaver setup: ignoring JPA class transformer
2026-09-26 13:20:42 [main] INFO  o.h.e.t.j.p.i.JtaPlatformInitiator - HHH000489: No JTA platform available (set 'hibernate.transaction.jta.platform' to enable JTA platform integration)
2026-09-26 13:20:42 [main] INFO  o.hibernate.orm.connections.access - HHH10001501: Connection obtained from JdbcConnectionAccess [org.hibernate.engine.jdbc.env.internal.JdbcEnvironmentInitiator$ConnectionProviderJdbcConnectionAccess@2a7ed9bd] for (non-JTA) DDL execution was not in auto-commit mode; the Connection 'local transaction' will be committed and the Connection will be set into auto-commit mode.
2026-09-26 13:20:42 [main] INFO  o.s.o.j.LocalContainerEntityManagerFactoryBean - Initialized JPA EntityManagerFactory for persistence unit 'default'
2026-09-26 13:20:43 [main] INFO  o.s.d.j.r.query.QueryEnhancerFactory - Hibernate is in classpath; If applicable, HQL parser will be used.
2026-09-26 13:20:44 [main] INFO  o.s.b.a.e.web.EndpointLinksResolver - Exposing 2 endpoint(s) beneath base path '/actuator'
2026-09-26 13:20:44 [main] INFO  o.s.s.web.DefaultSecurityFilterChain - Will secure any request with [org.springframework.security.web.session.DisableEncodeUrlFilter@404b3bb5, org.springframework.security.web.context.request.async.WebAsyncManagerIntegrationFilter@2a6ccd18, org.springframework.security.web.context.SecurityContextHolderFilter@79225399, org.springframework.security.web.header.HeaderWriterFilter@680107ec, org.springframework.web.filter.CorsFilter@86ee2f8, org.springframework.security.web.authentication.logout.LogoutFilter@66077611, com.noc.employee_cv.security.LoginRateLimitFilter@68cbe4da, com.noc.employee_cv.security.JwtFilter@284245f4, org.springframework.security.web.savedrequest.RequestCacheAwareFilter@68fed1ff, org.springframework.security.web.servletapi.SecurityContextHolderAwareRequestFilter@2c359ef0, org.springframework.security.web.authentication.AnonymousAuthenticationFilter@327b6296, org.springframework.security.web.session.SessionManagementFilter@5fa8a0b4, org.springframework.security.web.access.ExceptionTranslationFilter@29b99c50, org.springframework.security.web.access.intercept.AuthorizationFilter@72ecd5ce]
2026-09-26 13:20:44 [main] INFO  o.a.coyote.http11.Http11NioProtocol - Starting ProtocolHandler ["http-nio-8080"]
2026-09-26 13:20:44 [main] INFO  o.s.b.w.e.tomcat.TomcatWebServer - Tomcat started on port 8080 (http) with context path ''
2026-09-26 13:20:44 [main] INFO  c.n.e.EmployeeCvApplication - Started EmployeeCvApplication in 3.103 seconds (process running for 3.356)
2026-09-26 13:20:44 [RMI TCP Connection(2)-127.0.0.1] INFO  o.a.c.c.C.[Tomcat].[localhost].[/] - Initializing Spring DispatcherServlet 'dispatcherServlet'
2026-09-26 13:20:44 [RMI TCP Connection(2)-127.0.0.1] INFO  o.s.web.servlet.DispatcherServlet - Initializing Servlet 'dispatcherServlet'
2026-09-26 13:20:44 [RMI TCP Connection(2)-127.0.0.1] INFO  o.s.web.servlet.DispatcherServlet - Completed initialization in 2 ms
2026-09-26 13:21:49 [SpringApplicationShutdownHook] INFO  o.s.o.j.LocalContainerEntityManagerFactoryBean - Closing JPA EntityManagerFactory for persistence unit 'default'
2026-09-26 13:21:49 [SpringApplicationShutdownHook] INFO  com.zaxxer.hikari.HikariDataSource - HikariPool-1 - Shutdown initiated...
2026-09-26 13:21:49 [SpringApplicationShutdownHook] INFO  com.zaxxer.hikari.HikariDataSource - HikariPool-1 - Shutdown completed.
2026-09-26 13:21:50 [background-preinit] INFO  o.h.validator.internal.util.Version - HV000001: Hibernate Validator 8.0.1.Final
2026-09-26 13:21:50 [main] INFO  c.n.e.EmployeeCvApplication - Starting EmployeeCvApplication using Java 25.0.2 with PID 90690 (/Users/sopheak/IdeaProjects/employee_cv/target/classes started by sopheak in /Users/sopheak/IdeaProjects/employee_cv)
2026-09-26 13:21:50 [main] INFO  c.n.e.EmployeeCvApplication - No active profile set, falling back to 1 default profile: "dev"
2026-09-26 13:21:50 [main] INFO  o.s.d.r.c.RepositoryConfigurationDelegate - Bootstrapping Spring Data JPA repositories in DEFAULT mode.
2026-09-26 13:21:50 [main] INFO  o.s.d.r.c.RepositoryConfigurationDelegate - Finished Spring Data repository scanning in 34 ms. Found 34 JPA repository interfaces.
2026-09-26 13:21:51 [main] INFO  o.s.b.w.e.tomcat.TomcatWebServer - Tomcat initialized with port 8080 (http)
2026-09-26 13:21:51 [main] INFO  o.a.coyote.http11.Http11NioProtocol - Initializing ProtocolHandler ["http-nio-8080"]
2026-09-26 13:21:51 [main] INFO  o.a.catalina.core.StandardService - Starting service [Tomcat]
2026-09-26 13:21:51 [main] INFO  o.a.catalina.core.StandardEngine - Starting Servlet engine: [Apache Tomcat/10.1.19]
2026-09-26 13:21:51 [main] INFO  o.a.c.c.C.[Tomcat].[localhost].[/] - Initializing Spring embedded WebApplicationContext
2026-09-26 13:21:51 [main] INFO  o.s.b.w.s.c.ServletWebServerApplicationContext - Root WebApplicationContext: initialization completed in 611 ms
2026-09-26 13:21:51 [main] INFO  com.zaxxer.hikari.HikariDataSource - HikariPool-1 - Starting...
2026-09-26 13:21:51 [main] INFO  com.zaxxer.hikari.pool.HikariPool - HikariPool-1 - Added connection org.postgresql.jdbc.PgConnection@70022d44
2026-09-26 13:21:51 [main] INFO  com.zaxxer.hikari.HikariDataSource - HikariPool-1 - Start completed.
2026-09-26 13:21:51 [main] INFO  o.f.c.i.license.VersionPrinter - Flyway Community Edition 9.22.3 by Redgate
2026-09-26 13:21:51 [main] INFO  o.f.c.i.license.VersionPrinter - See release notes here: https://rd.gt/416ObMi
2026-09-26 13:21:51 [main] INFO  o.f.c.i.license.VersionPrinter - 
2026-09-26 13:21:51 [main] INFO  org.flywaydb.core.FlywayExecutor - Database: jdbc:postgresql://localhost:5432/officer_cv (PostgreSQL 18.2)
2026-09-26 13:21:51 [main] WARN  o.f.c.i.database.base.Database - Flyway upgrade recommended: PostgreSQL 18.2 is newer than this version of Flyway and support has not been tested. The latest supported version of PostgreSQL is 15.
2026-09-26 13:21:51 [main] INFO  o.f.core.internal.command.DbValidate - Successfully validated 5 migrations (execution time 00:00.011s)
2026-09-26 13:21:51 [main] INFO  o.f.core.internal.command.DbMigrate - Current version of schema "public": 5
2026-09-26 13:21:51 [main] INFO  o.f.core.internal.command.DbMigrate - Schema "public" is up to date. No migration necessary.
2026-09-26 13:21:51 [main] INFO  o.h.jpa.internal.util.LogHelper - HHH000204: Processing PersistenceUnitInfo [name: default]
2026-09-26 13:21:51 [main] INFO  org.hibernate.Version - HHH000412: Hibernate ORM core version 6.4.4.Final
2026-09-26 13:21:51 [main] INFO  o.h.c.i.RegionFactoryInitiator - HHH000026: Second-level cache disabled
2026-09-26 13:21:51 [main] INFO  o.s.o.j.p.SpringPersistenceUnitInfo - No LoadTimeWeaver setup: ignoring JPA class transformer
2026-09-26 13:21:52 [main] INFO  o.h.e.t.j.p.i.JtaPlatformInitiator - HHH000489: No JTA platform available (set 'hibernate.transaction.jta.platform' to enable JTA platform integration)
2026-09-26 13:21:52 [main] INFO  o.hibernate.orm.connections.access - HHH10001501: Connection obtained from JdbcConnectionAccess [org.hibernate.engine.jdbc.env.internal.JdbcEnvironmentInitiator$ConnectionProviderJdbcConnectionAccess@4545ac62] for (non-JTA) DDL execution was not in auto-commit mode; the Connection 'local transaction' will be committed and the Connection will be set into auto-commit mode.
2026-09-26 13:21:52 [main] INFO  o.s.o.j.LocalContainerEntityManagerFactoryBean - Initialized JPA EntityManagerFactory for persistence unit 'default'
2026-09-26 13:21:52 [main] INFO  o.s.d.j.r.query.QueryEnhancerFactory - Hibernate is in classpath; If applicable, HQL parser will be used.
2026-09-26 13:21:53 [main] INFO  o.s.b.a.e.web.EndpointLinksResolver - Exposing 2 endpoint(s) beneath base path '/actuator'
2026-09-26 13:21:53 [main] INFO  o.s.s.web.DefaultSecurityFilterChain - Will secure any request with [org.springframework.security.web.session.DisableEncodeUrlFilter@4058fff2, org.springframework.security.web.context.request.async.WebAsyncManagerIntegrationFilter@57f8c3a, org.springframework.security.web.context.SecurityContextHolderFilter@8cc95c5, org.springframework.security.web.header.HeaderWriterFilter@6e3b4713, org.springframework.web.filter.CorsFilter@5e3569e8, org.springframework.security.web.authentication.logout.LogoutFilter@68fed1ff, com.noc.employee_cv.security.LoginRateLimitFilter@e26310d, com.noc.employee_cv.security.JwtFilter@72fedd85, org.springframework.security.web.savedrequest.RequestCacheAwareFilter@3ac09d16, org.springframework.security.web.servletapi.SecurityContextHolderAwareRequestFilter@5245b69c, org.springframework.security.web.authentication.AnonymousAuthenticationFilter@7925da37, org.springframework.security.web.session.SessionManagementFilter@3cd45cb8, org.springframework.security.web.access.ExceptionTranslationFilter@538853a4, org.springframework.security.web.access.intercept.AuthorizationFilter@6bdebaef]
2026-09-26 13:21:53 [main] INFO  o.a.coyote.http11.Http11NioProtocol - Starting ProtocolHandler ["http-nio-8080"]
2026-09-26 13:21:53 [main] INFO  o.s.b.w.e.tomcat.TomcatWebServer - Tomcat started on port 8080 (http) with context path ''
2026-09-26 13:21:53 [main] INFO  c.n.e.EmployeeCvApplication - Started EmployeeCvApplication in 3.301 seconds (process running for 3.517)
2026-09-26 13:21:53 [RMI TCP Connection(1)-127.0.0.1] INFO  o.a.c.c.C.[Tomcat].[localhost].[/] - Initializing Spring DispatcherServlet 'dispatcherServlet'
2026-09-26 13:21:53 [RMI TCP Connection(1)-127.0.0.1] INFO  o.s.web.servlet.DispatcherServlet - Initializing Servlet 'dispatcherServlet'
2026-09-26 13:21:53 [RMI TCP Connection(1)-127.0.0.1] INFO  o.s.web.servlet.DispatcherServlet - Completed initialization in 1 ms
2026-09-26 13:23:42 [SpringApplicationShutdownHook] INFO  o.s.o.j.LocalContainerEntityManagerFactoryBean - Closing JPA EntityManagerFactory for persistence unit 'default'
2026-09-26 13:23:42 [SpringApplicationShutdownHook] INFO  com.zaxxer.hikari.HikariDataSource - HikariPool-1 - Shutdown initiated...
2026-09-26 13:23:42 [SpringApplicationShutdownHook] INFO  com.zaxxer.hikari.HikariDataSource - HikariPool-1 - Shutdown completed.
2026-09-26 13:23:42 [background-preinit] INFO  o.h.validator.internal.util.Version - HV000001: Hibernate Validator 8.0.1.Final
2026-09-26 13:23:42 [main] INFO  c.n.e.EmployeeCvApplication - Starting EmployeeCvApplication using Java 25.0.2 with PID 91113 (/Users/sopheak/IdeaProjects/employee_cv/target/classes started by sopheak in /Users/sopheak/IdeaProjects/employee_cv)
2026-09-26 13:23:42 [main] INFO  c.n.e.EmployeeCvApplication - No active profile set, falling back to 1 default profile: "dev"
2026-09-26 13:23:43 [main] INFO  o.s.d.r.c.RepositoryConfigurationDelegate - Bootstrapping Spring Data JPA repositories in DEFAULT mode.
2026-09-26 13:23:43 [main] INFO  o.s.d.r.c.RepositoryConfigurationDelegate - Finished Spring Data repository scanning in 38 ms. Found 34 JPA repository interfaces.
2026-09-26 13:23:43 [main] INFO  o.s.b.w.e.tomcat.TomcatWebServer - Tomcat initialized with port 8080 (http)
2026-09-26 13:23:43 [main] INFO  o.a.coyote.http11.Http11NioProtocol - Initializing ProtocolHandler ["http-nio-8080"]
2026-09-26 13:23:43 [main] INFO  o.a.catalina.core.StandardService - Starting service [Tomcat]
2026-09-26 13:23:43 [main] INFO  o.a.catalina.core.StandardEngine - Starting Servlet engine: [Apache Tomcat/10.1.19]
2026-09-26 13:23:43 [main] INFO  o.a.c.c.C.[Tomcat].[localhost].[/] - Initializing Spring embedded WebApplicationContext
2026-09-26 13:23:43 [main] INFO  o.s.b.w.s.c.ServletWebServerApplicationContext - Root WebApplicationContext: initialization completed in 608 ms
2026-09-26 13:23:43 [main] INFO  com.zaxxer.hikari.HikariDataSource - HikariPool-1 - Starting...
2026-09-26 13:23:43 [main] INFO  com.zaxxer.hikari.pool.HikariPool - HikariPool-1 - Added connection org.postgresql.jdbc.PgConnection@6fd9dbe6
2026-09-26 13:23:43 [main] INFO  com.zaxxer.hikari.HikariDataSource - HikariPool-1 - Start completed.
2026-09-26 13:23:43 [main] INFO  o.f.c.i.license.VersionPrinter - Flyway Community Edition 9.22.3 by Redgate
2026-09-26 13:23:43 [main] INFO  o.f.c.i.license.VersionPrinter - See release notes here: https://rd.gt/416ObMi
2026-09-26 13:23:43 [main] INFO  o.f.c.i.license.VersionPrinter - 
2026-09-26 13:23:43 [main] INFO  org.flywaydb.core.FlywayExecutor - Database: jdbc:postgresql://localhost:5432/officer_cv (PostgreSQL 18.2)
2026-09-26 13:23:43 [main] WARN  o.f.c.i.database.base.Database - Flyway upgrade recommended: PostgreSQL 18.2 is newer than this version of Flyway and support has not been tested. The latest supported version of PostgreSQL is 15.
2026-09-26 13:23:43 [main] INFO  o.f.core.internal.command.DbValidate - Successfully validated 5 migrations (execution time 00:00.008s)
2026-09-26 13:23:43 [main] INFO  o.f.core.internal.command.DbMigrate - Current version of schema "public": 5
2026-09-26 13:23:43 [main] INFO  o.f.core.internal.command.DbMigrate - Schema "public" is up to date. No migration necessary.
2026-09-26 13:23:43 [main] INFO  o.h.jpa.internal.util.LogHelper - HHH000204: Processing PersistenceUnitInfo [name: default]
2026-09-26 13:23:43 [main] INFO  org.hibernate.Version - HHH000412: Hibernate ORM core version 6.4.4.Final
2026-09-26 13:23:43 [main] INFO  o.h.c.i.RegionFactoryInitiator - HHH000026: Second-level cache disabled
2026-09-26 13:23:43 [main] INFO  o.s.o.j.p.SpringPersistenceUnitInfo - No LoadTimeWeaver setup: ignoring JPA class transformer
2026-09-26 13:23:44 [main] INFO  o.h.e.t.j.p.i.JtaPlatformInitiator - HHH000489: No JTA platform available (set 'hibernate.transaction.jta.platform' to enable JTA platform integration)
2026-09-26 13:23:44 [main] INFO  o.hibernate.orm.connections.access - HHH10001501: Connection obtained from JdbcConnectionAccess [org.hibernate.engine.jdbc.env.internal.JdbcEnvironmentInitiator$ConnectionProviderJdbcConnectionAccess@214fe287] for (non-JTA) DDL execution was not in auto-commit mode; the Connection 'local transaction' will be committed and the Connection will be set into auto-commit mode.
2026-09-26 13:23:44 [main] INFO  o.s.o.j.LocalContainerEntityManagerFactoryBean - Initialized JPA EntityManagerFactory for persistence unit 'default'
2026-09-26 13:23:44 [main] INFO  o.s.d.j.r.query.QueryEnhancerFactory - Hibernate is in classpath; If applicable, HQL parser will be used.
2026-09-26 13:23:45 [main] INFO  o.s.b.a.e.web.EndpointLinksResolver - Exposing 2 endpoint(s) beneath base path '/actuator'
2026-09-26 13:23:45 [main] INFO  o.s.s.web.DefaultSecurityFilterChain - Will secure any request with [org.springframework.security.web.session.DisableEncodeUrlFilter@7e051d8e, org.springframework.security.web.context.request.async.WebAsyncManagerIntegrationFilter@7624028, org.springframework.security.web.context.SecurityContextHolderFilter@3ac09d16, org.springframework.security.web.header.HeaderWriterFilter@2c8a80ec, org.springframework.web.filter.CorsFilter@726d0305, org.springframework.security.web.authentication.logout.LogoutFilter@32dac3a0, com.noc.employee_cv.security.LoginRateLimitFilter@2bed7200, com.noc.employee_cv.security.JwtFilter@1007c1c9, org.springframework.security.web.savedrequest.RequestCacheAwareFilter@6cd3a9ef, org.springframework.security.web.servletapi.SecurityContextHolderAwareRequestFilter@76e13af5, org.springframework.security.web.authentication.AnonymousAuthenticationFilter@25ce8b1d, org.springframework.security.web.session.SessionManagementFilter@4ea4e614, org.springframework.security.web.access.ExceptionTranslationFilter@945a6a9, org.springframework.security.web.access.intercept.AuthorizationFilter@4058fff2]
2026-09-26 13:23:46 [main] INFO  o.a.coyote.http11.Http11NioProtocol - Starting ProtocolHandler ["http-nio-8080"]
2026-09-26 13:23:46 [main] INFO  o.s.b.w.e.tomcat.TomcatWebServer - Tomcat started on port 8080 (http) with context path ''
2026-09-26 13:23:46 [main] INFO  c.n.e.EmployeeCvApplication - Started EmployeeCvApplication in 3.201 seconds (process running for 3.413)
2026-09-26 13:23:46 [RMI TCP Connection(2)-127.0.0.1] INFO  o.a.c.c.C.[Tomcat].[localhost].[/] - Initializing Spring DispatcherServlet 'dispatcherServlet'
2026-09-26 13:23:46 [RMI TCP Connection(2)-127.0.0.1] INFO  o.s.web.servlet.DispatcherServlet - Initializing Servlet 'dispatcherServlet'
2026-09-26 13:23:46 [RMI TCP Connection(2)-127.0.0.1] INFO  o.s.web.servlet.DispatcherServlet - Completed initialization in 1 ms
2026-09-26 13:24:25 [SpringApplicationShutdownHook] INFO  o.s.o.j.LocalContainerEntityManagerFactoryBean - Closing JPA EntityManagerFactory for persistence unit 'default'
2026-09-26 13:24:25 [SpringApplicationShutdownHook] INFO  com.zaxxer.hikari.HikariDataSource - HikariPool-1 - Shutdown initiated...
2026-09-26 13:24:25 [SpringApplicationShutdownHook] INFO  com.zaxxer.hikari.HikariDataSource - HikariPool-1 - Shutdown completed.
2026-09-26 13:24:26 [background-preinit] INFO  o.h.validator.internal.util.Version - HV000001: Hibernate Validator 8.0.1.Final
2026-09-26 13:24:26 [main] INFO  c.n.e.EmployeeCvApplication - Starting EmployeeCvApplication using Java 25.0.2 with PID 91278 (/Users/sopheak/IdeaProjects/employee_cv/target/classes started by sopheak in /Users/sopheak/IdeaProjects/employee_cv)
2026-09-26 13:24:26 [main] INFO  c.n.e.EmployeeCvApplication - No active profile set, falling back to 1 default profile: "dev"
2026-09-26 13:24:26 [main] INFO  o.s.d.r.c.RepositoryConfigurationDelegate - Bootstrapping Spring Data JPA repositories in DEFAULT mode.
2026-09-26 13:24:26 [main] INFO  o.s.d.r.c.RepositoryConfigurationDelegate - Finished Spring Data repository scanning in 34 ms. Found 34 JPA repository interfaces.
2026-09-26 13:24:27 [main] INFO  o.s.b.w.e.tomcat.TomcatWebServer - Tomcat initialized with port 8080 (http)
2026-09-26 13:24:27 [main] INFO  o.a.coyote.http11.Http11NioProtocol - Initializing ProtocolHandler ["http-nio-8080"]
2026-09-26 13:24:27 [main] INFO  o.a.catalina.core.StandardService - Starting service [Tomcat]
2026-09-26 13:24:27 [main] INFO  o.a.catalina.core.StandardEngine - Starting Servlet engine: [Apache Tomcat/10.1.19]
2026-09-26 13:24:27 [main] INFO  o.a.c.c.C.[Tomcat].[localhost].[/] - Initializing Spring embedded WebApplicationContext
2026-09-26 13:24:27 [main] INFO  o.s.b.w.s.c.ServletWebServerApplicationContext - Root WebApplicationContext: initialization completed in 621 ms
2026-09-26 13:24:27 [main] INFO  com.zaxxer.hikari.HikariDataSource - HikariPool-1 - Starting...
2026-09-26 13:24:27 [main] INFO  com.zaxxer.hikari.pool.HikariPool - HikariPool-1 - Added connection org.postgresql.jdbc.PgConnection@7b3c2ae0
2026-09-26 13:24:27 [main] INFO  com.zaxxer.hikari.HikariDataSource - HikariPool-1 - Start completed.
2026-09-26 13:24:27 [main] INFO  o.f.c.i.license.VersionPrinter - Flyway Community Edition 9.22.3 by Redgate
2026-09-26 13:24:27 [main] INFO  o.f.c.i.license.VersionPrinter - See release notes here: https://rd.gt/416ObMi
2026-09-26 13:24:27 [main] INFO  o.f.c.i.license.VersionPrinter - 
2026-09-26 13:24:27 [main] INFO  org.flywaydb.core.FlywayExecutor - Database: jdbc:postgresql://localhost:5432/officer_cv (PostgreSQL 18.2)
2026-09-26 13:24:27 [main] WARN  o.f.c.i.database.base.Database - Flyway upgrade recommended: PostgreSQL 18.2 is newer than this version of Flyway and support has not been tested. The latest supported version of PostgreSQL is 15.
2026-09-26 13:24:27 [main] INFO  o.f.core.internal.command.DbValidate - Successfully validated 5 migrations (execution time 00:00.008s)
2026-09-26 13:24:27 [main] INFO  o.f.core.internal.command.DbMigrate - Current version of schema "public": 5
2026-09-26 13:24:27 [main] INFO  o.f.core.internal.command.DbMigrate - Schema "public" is up to date. No migration necessary.
2026-09-26 13:24:27 [main] INFO  o.h.jpa.internal.util.LogHelper - HHH000204: Processing PersistenceUnitInfo [name: default]
2026-09-26 13:24:27 [main] INFO  org.hibernate.Version - HHH000412: Hibernate ORM core version 6.4.4.Final
2026-09-26 13:24:27 [main] INFO  o.h.c.i.RegionFactoryInitiator - HHH000026: Second-level cache disabled
2026-09-26 13:24:27 [main] INFO  o.s.o.j.p.SpringPersistenceUnitInfo - No LoadTimeWeaver setup: ignoring JPA class transformer
2026-09-26 13:24:27 [main] INFO  o.h.e.t.j.p.i.JtaPlatformInitiator - HHH000489: No JTA platform available (set 'hibernate.transaction.jta.platform' to enable JTA platform integration)
2026-09-26 13:24:27 [main] INFO  o.hibernate.orm.connections.access - HHH10001501: Connection obtained from JdbcConnectionAccess [org.hibernate.engine.jdbc.env.internal.JdbcEnvironmentInitiator$ConnectionProviderJdbcConnectionAccess@20bc6f4d] for (non-JTA) DDL execution was not in auto-commit mode; the Connection 'local transaction' will be committed and the Connection will be set into auto-commit mode.
2026-09-26 13:24:28 [main] INFO  o.s.o.j.LocalContainerEntityManagerFactoryBean - Initialized JPA EntityManagerFactory for persistence unit 'default'
2026-09-26 13:24:28 [main] INFO  o.s.d.j.r.query.QueryEnhancerFactory - Hibernate is in classpath; If applicable, HQL parser will be used.
2026-09-26 13:24:29 [main] INFO  o.s.b.a.e.web.EndpointLinksResolver - Exposing 2 endpoint(s) beneath base path '/actuator'
2026-09-26 13:24:29 [main] INFO  o.s.s.web.DefaultSecurityFilterChain - Will secure any request with [org.springframework.security.web.session.DisableEncodeUrlFilter@b1590ed, org.springframework.security.web.context.request.async.WebAsyncManagerIntegrationFilter@366702bc, org.springframework.security.web.context.SecurityContextHolderFilter@62b22eaa, org.springframework.security.web.header.HeaderWriterFilter@4d3eb340, org.springframework.web.filter.CorsFilter@656be542, org.springframework.security.web.authentication.logout.LogoutFilter@182d1c03, com.noc.employee_cv.security.LoginRateLimitFilter@7fd3df3c, com.noc.employee_cv.security.JwtFilter@6db0f5fb, org.springframework.security.web.savedrequest.RequestCacheAwareFilter@7f95a76a, org.springframework.security.web.servletapi.SecurityContextHolderAwareRequestFilter@4986983e, org.springframework.security.web.authentication.AnonymousAuthenticationFilter@4d22b399, org.springframework.security.web.session.SessionManagementFilter@6cd3a9ef, org.springframework.security.web.access.ExceptionTranslationFilter@5e6239d3, org.springframework.security.web.access.intercept.AuthorizationFilter@66077611]
2026-09-26 13:24:29 [main] INFO  o.a.coyote.http11.Http11NioProtocol - Starting ProtocolHandler ["http-nio-8080"]
2026-09-26 13:24:29 [main] INFO  o.s.b.w.e.tomcat.TomcatWebServer - Tomcat started on port 8080 (http) with context path ''
2026-09-26 13:24:29 [main] INFO  c.n.e.EmployeeCvApplication - Started EmployeeCvApplication in 3.449 seconds (process running for 3.736)
2026-09-26 13:24:29 [RMI TCP Connection(3)-127.0.0.1] INFO  o.a.c.c.C.[Tomcat].[localhost].[/] - Initializing Spring DispatcherServlet 'dispatcherServlet'
2026-09-26 13:24:29 [RMI TCP Connection(3)-127.0.0.1] INFO  o.s.web.servlet.DispatcherServlet - Initializing Servlet 'dispatcherServlet'
2026-09-26 13:24:29 [RMI TCP Connection(3)-127.0.0.1] INFO  o.s.web.servlet.DispatcherServlet - Completed initialization in 2 ms
2026-09-26 13:25:01 [SpringApplicationShutdownHook] INFO  o.s.o.j.LocalContainerEntityManagerFactoryBean - Closing JPA EntityManagerFactory for persistence unit 'default'
2026-09-26 13:25:01 [SpringApplicationShutdownHook] INFO  com.zaxxer.hikari.HikariDataSource - HikariPool-1 - Shutdown initiated...
2026-09-26 13:25:01 [SpringApplicationShutdownHook] INFO  com.zaxxer.hikari.HikariDataSource - HikariPool-1 - Shutdown completed.
2026-09-26 13:25:02 [background-preinit] INFO  o.h.validator.internal.util.Version - HV000001: Hibernate Validator 8.0.1.Final
2026-09-26 13:25:02 [main] INFO  c.n.e.EmployeeCvApplication - Starting EmployeeCvApplication using Java 25.0.2 with PID 91442 (/Users/sopheak/IdeaProjects/employee_cv/target/classes started by sopheak in /Users/sopheak/IdeaProjects/employee_cv)
2026-09-26 13:25:02 [main] INFO  c.n.e.EmployeeCvApplication - No active profile set, falling back to 1 default profile: "dev"
2026-09-26 13:25:03 [main] INFO  o.s.d.r.c.RepositoryConfigurationDelegate - Bootstrapping Spring Data JPA repositories in DEFAULT mode.
2026-09-26 13:25:03 [main] INFO  o.s.d.r.c.RepositoryConfigurationDelegate - Finished Spring Data repository scanning in 34 ms. Found 34 JPA repository interfaces.
2026-09-26 13:25:03 [main] INFO  o.s.b.w.e.tomcat.TomcatWebServer - Tomcat initialized with port 8080 (http)
2026-09-26 13:25:03 [main] INFO  o.a.coyote.http11.Http11NioProtocol - Initializing ProtocolHandler ["http-nio-8080"]
2026-09-26 13:25:03 [main] INFO  o.a.catalina.core.StandardService - Starting service [Tomcat]
2026-09-26 13:25:03 [main] INFO  o.a.catalina.core.StandardEngine - Starting Servlet engine: [Apache Tomcat/10.1.19]
2026-09-26 13:25:03 [main] INFO  o.a.c.c.C.[Tomcat].[localhost].[/] - Initializing Spring embedded WebApplicationContext
2026-09-26 13:25:03 [main] INFO  o.s.b.w.s.c.ServletWebServerApplicationContext - Root WebApplicationContext: initialization completed in 581 ms
2026-09-26 13:25:03 [main] INFO  com.zaxxer.hikari.HikariDataSource - HikariPool-1 - Starting...
2026-09-26 13:25:03 [main] INFO  com.zaxxer.hikari.pool.HikariPool - HikariPool-1 - Added connection org.postgresql.jdbc.PgConnection@5d3b6585
2026-09-26 13:25:03 [main] INFO  com.zaxxer.hikari.HikariDataSource - HikariPool-1 - Start completed.
2026-09-26 13:25:03 [main] INFO  o.f.c.i.license.VersionPrinter - Flyway Community Edition 9.22.3 by Redgate
2026-09-26 13:25:03 [main] INFO  o.f.c.i.license.VersionPrinter - See release notes here: https://rd.gt/416ObMi
2026-09-26 13:25:03 [main] INFO  o.f.c.i.license.VersionPrinter - 
2026-09-26 13:25:03 [main] INFO  org.flywaydb.core.FlywayExecutor - Database: jdbc:postgresql://localhost:5432/officer_cv (PostgreSQL 18.2)
2026-09-26 13:25:03 [main] WARN  o.f.c.i.database.base.Database - Flyway upgrade recommended: PostgreSQL 18.2 is newer than this version of Flyway and support has not been tested. The latest supported version of PostgreSQL is 15.
2026-09-26 13:25:03 [main] INFO  o.f.core.internal.command.DbValidate - Successfully validated 5 migrations (execution time 00:00.007s)
2026-09-26 13:25:03 [main] INFO  o.f.core.internal.command.DbMigrate - Current version of schema "public": 5
2026-09-26 13:25:03 [main] INFO  o.f.core.internal.command.DbMigrate - Schema "public" is up to date. No migration necessary.
2026-09-26 13:25:03 [main] INFO  o.h.jpa.internal.util.LogHelper - HHH000204: Processing PersistenceUnitInfo [name: default]
2026-09-26 13:25:03 [main] INFO  org.hibernate.Version - HHH000412: Hibernate ORM core version 6.4.4.Final
2026-09-26 13:25:03 [main] INFO  o.h.c.i.RegionFactoryInitiator - HHH000026: Second-level cache disabled
2026-09-26 13:25:03 [main] INFO  o.s.o.j.p.SpringPersistenceUnitInfo - No LoadTimeWeaver setup: ignoring JPA class transformer
2026-09-26 13:25:04 [main] INFO  o.h.e.t.j.p.i.JtaPlatformInitiator - HHH000489: No JTA platform available (set 'hibernate.transaction.jta.platform' to enable JTA platform integration)
2026-09-26 13:25:04 [main] INFO  o.hibernate.orm.connections.access - HHH10001501: Connection obtained from JdbcConnectionAccess [org.hibernate.engine.jdbc.env.internal.JdbcEnvironmentInitiator$ConnectionProviderJdbcConnectionAccess@57a259c1] for (non-JTA) DDL execution was not in auto-commit mode; the Connection 'local transaction' will be committed and the Connection will be set into auto-commit mode.
2026-09-26 13:25:04 [main] INFO  o.s.o.j.LocalContainerEntityManagerFactoryBean - Initialized JPA EntityManagerFactory for persistence unit 'default'
2026-09-26 13:25:04 [main] INFO  o.s.d.j.r.query.QueryEnhancerFactory - Hibernate is in classpath; If applicable, HQL parser will be used.
2026-09-26 13:25:05 [main] INFO  o.s.b.a.e.web.EndpointLinksResolver - Exposing 2 endpoint(s) beneath base path '/actuator'
2026-09-26 13:25:05 [main] INFO  o.s.s.web.DefaultSecurityFilterChain - Will secure any request with [org.springframework.security.web.session.DisableEncodeUrlFilter@153f34aa, org.springframework.security.web.context.request.async.WebAsyncManagerIntegrationFilter@498785eb, org.springframework.security.web.context.SecurityContextHolderFilter@3d6e7acc, org.springframework.security.web.header.HeaderWriterFilter@2dd00266, org.springframework.web.filter.CorsFilter@4e4c5b5a, org.springframework.security.web.authentication.logout.LogoutFilter@3c0c2776, com.noc.employee_cv.security.LoginRateLimitFilter@379b92ee, com.noc.employee_cv.security.JwtFilter@6cbce551, org.springframework.security.web.savedrequest.RequestCacheAwareFilter@4a3eee8e, org.springframework.security.web.servletapi.SecurityContextHolderAwareRequestFilter@8cc95c5, org.springframework.security.web.authentication.AnonymousAuthenticationFilter@6bdebaef, org.springframework.security.web.session.SessionManagementFilter@4942cabd, org.springframework.security.web.access.ExceptionTranslationFilter@6d51e2d, org.springframework.security.web.access.intercept.AuthorizationFilter@62241af2]
2026-09-26 13:25:05 [main] INFO  o.a.coyote.http11.Http11NioProtocol - Starting ProtocolHandler ["http-nio-8080"]
2026-09-26 13:25:05 [main] INFO  o.s.b.w.e.tomcat.TomcatWebServer - Tomcat started on port 8080 (http) with context path ''
2026-09-26 13:25:05 [main] INFO  c.n.e.EmployeeCvApplication - Started EmployeeCvApplication in 3.126 seconds (process running for 3.496)
2026-09-26 13:25:05 [RMI TCP Connection(3)-127.0.0.1] INFO  o.a.c.c.C.[Tomcat].[localhost].[/] - Initializing Spring DispatcherServlet 'dispatcherServlet'
2026-09-26 13:25:05 [RMI TCP Connection(3)-127.0.0.1] INFO  o.s.web.servlet.DispatcherServlet - Initializing Servlet 'dispatcherServlet'
2026-09-26 13:25:05 [RMI TCP Connection(3)-127.0.0.1] INFO  o.s.web.servlet.DispatcherServlet - Completed initialization in 2 ms
2026-09-26 13:27:41 [SpringApplicationShutdownHook] INFO  o.s.o.j.LocalContainerEntityManagerFactoryBean - Closing JPA EntityManagerFactory for persistence unit 'default'
2026-09-26 13:27:41 [SpringApplicationShutdownHook] INFO  com.zaxxer.hikari.HikariDataSource - HikariPool-1 - Shutdown initiated...
2026-09-26 13:27:41 [SpringApplicationShutdownHook] INFO  com.zaxxer.hikari.HikariDataSource - HikariPool-1 - Shutdown completed.
2026-09-26 13:27:42 [background-preinit] INFO  o.h.validator.internal.util.Version - HV000001: Hibernate Validator 8.0.1.Final
2026-09-26 13:27:42 [main] INFO  c.n.e.EmployeeCvApplication - Starting EmployeeCvApplication using Java 25.0.2 with PID 92036 (/Users/sopheak/IdeaProjects/employee_cv/target/classes started by sopheak in /Users/sopheak/IdeaProjects/employee_cv)
2026-09-26 13:27:42 [main] INFO  c.n.e.EmployeeCvApplication - No active profile set, falling back to 1 default profile: "dev"
2026-09-26 13:27:43 [main] INFO  o.s.d.r.c.RepositoryConfigurationDelegate - Bootstrapping Spring Data JPA repositories in DEFAULT mode.
2026-09-26 13:27:43 [main] INFO  o.s.d.r.c.RepositoryConfigurationDelegate - Finished Spring Data repository scanning in 34 ms. Found 34 JPA repository interfaces.
2026-09-26 13:27:43 [main] INFO  o.s.b.w.e.tomcat.TomcatWebServer - Tomcat initialized with port 8080 (http)
2026-09-26 13:27:43 [main] INFO  o.a.coyote.http11.Http11NioProtocol - Initializing ProtocolHandler ["http-nio-8080"]
2026-09-26 13:27:43 [main] INFO  o.a.catalina.core.StandardService - Starting service [Tomcat]
2026-09-26 13:27:43 [main] INFO  o.a.catalina.core.StandardEngine - Starting Servlet engine: [Apache Tomcat/10.1.19]
2026-09-26 13:27:43 [main] INFO  o.a.c.c.C.[Tomcat].[localhost].[/] - Initializing Spring embedded WebApplicationContext
2026-09-26 13:27:43 [main] INFO  o.s.b.w.s.c.ServletWebServerApplicationContext - Root WebApplicationContext: initialization completed in 579 ms
2026-09-26 13:27:43 [main] INFO  com.zaxxer.hikari.HikariDataSource - HikariPool-1 - Starting...
2026-09-26 13:27:43 [main] INFO  com.zaxxer.hikari.pool.HikariPool - HikariPool-1 - Added connection org.postgresql.jdbc.PgConnection@4fea5ee0
2026-09-26 13:27:43 [main] INFO  com.zaxxer.hikari.HikariDataSource - HikariPool-1 - Start completed.
2026-09-26 13:27:43 [main] INFO  o.f.c.i.license.VersionPrinter - Flyway Community Edition 9.22.3 by Redgate
2026-09-26 13:27:43 [main] INFO  o.f.c.i.license.VersionPrinter - See release notes here: https://rd.gt/416ObMi
2026-09-26 13:27:43 [main] INFO  o.f.c.i.license.VersionPrinter - 
2026-09-26 13:27:43 [main] INFO  org.flywaydb.core.FlywayExecutor - Database: jdbc:postgresql://localhost:5432/officer_cv (PostgreSQL 18.2)
2026-09-26 13:27:43 [main] WARN  o.f.c.i.database.base.Database - Flyway upgrade recommended: PostgreSQL 18.2 is newer than this version of Flyway and support has not been tested. The latest supported version of PostgreSQL is 15.
2026-09-26 13:27:43 [main] INFO  o.f.core.internal.command.DbValidate - Successfully validated 5 migrations (execution time 00:00.008s)
2026-09-26 13:27:43 [main] INFO  o.f.core.internal.command.DbMigrate - Current version of schema "public": 5
2026-09-26 13:27:43 [main] INFO  o.f.core.internal.command.DbMigrate - Schema "public" is up to date. No migration necessary.
2026-09-26 13:27:43 [main] INFO  o.h.jpa.internal.util.LogHelper - HHH000204: Processing PersistenceUnitInfo [name: default]
2026-09-26 13:27:43 [main] INFO  org.hibernate.Version - HHH000412: Hibernate ORM core version 6.4.4.Final
2026-09-26 13:27:43 [main] INFO  o.h.c.i.RegionFactoryInitiator - HHH000026: Second-level cache disabled
2026-09-26 13:27:43 [main] INFO  o.s.o.j.p.SpringPersistenceUnitInfo - No LoadTimeWeaver setup: ignoring JPA class transformer
2026-09-26 13:27:44 [main] INFO  o.h.e.t.j.p.i.JtaPlatformInitiator - HHH000489: No JTA platform available (set 'hibernate.transaction.jta.platform' to enable JTA platform integration)
2026-09-26 13:27:44 [main] INFO  o.hibernate.orm.connections.access - HHH10001501: Connection obtained from JdbcConnectionAccess [org.hibernate.engine.jdbc.env.internal.JdbcEnvironmentInitiator$ConnectionProviderJdbcConnectionAccess@7b491b89] for (non-JTA) DDL execution was not in auto-commit mode; the Connection 'local transaction' will be committed and the Connection will be set into auto-commit mode.
2026-09-26 13:27:44 [main] INFO  o.s.o.j.LocalContainerEntityManagerFactoryBean - Initialized JPA EntityManagerFactory for persistence unit 'default'
2026-09-26 13:27:44 [main] INFO  o.s.d.j.r.query.QueryEnhancerFactory - Hibernate is in classpath; If applicable, HQL parser will be used.
2026-09-26 13:27:45 [main] INFO  o.s.b.a.e.web.EndpointLinksResolver - Exposing 2 endpoint(s) beneath base path '/actuator'
2026-09-26 13:27:45 [main] INFO  o.s.s.web.DefaultSecurityFilterChain - Will secure any request with [org.springframework.security.web.session.DisableEncodeUrlFilter@7ce834ff, org.springframework.security.web.context.request.async.WebAsyncManagerIntegrationFilter@2dafce1c, org.springframework.security.web.context.SecurityContextHolderFilter@9ef9c02, org.springframework.security.web.header.HeaderWriterFilter@416628db, org.springframework.web.filter.CorsFilter@567fd3cd, org.springframework.security.web.authentication.logout.LogoutFilter@efd99f3, com.noc.employee_cv.security.LoginRateLimitFilter@f8a969d, com.noc.employee_cv.security.JwtFilter@6a3c79f0, org.springframework.security.web.savedrequest.RequestCacheAwareFilter@17c8a172, org.springframework.security.web.servletapi.SecurityContextHolderAwareRequestFilter@7f95a76a, org.springframework.security.web.authentication.AnonymousAuthenticationFilter@b1590ed, org.springframework.security.web.session.SessionManagementFilter@559207b2, org.springframework.security.web.access.ExceptionTranslationFilter@2c8a80ec, org.springframework.security.web.access.intercept.AuthorizationFilter@726d0305]
2026-09-26 13:27:45 [main] INFO  o.a.coyote.http11.Http11NioProtocol - Starting ProtocolHandler ["http-nio-8080"]
2026-09-26 13:27:45 [main] INFO  o.s.b.w.e.tomcat.TomcatWebServer - Tomcat started on port 8080 (http) with context path ''
2026-09-26 13:27:45 [main] INFO  c.n.e.EmployeeCvApplication - Started EmployeeCvApplication in 3.182 seconds (process running for 3.574)
2026-09-26 13:27:46 [RMI TCP Connection(3)-127.0.0.1] INFO  o.a.c.c.C.[Tomcat].[localhost].[/] - Initializing Spring DispatcherServlet 'dispatcherServlet'
2026-09-26 13:27:46 [RMI TCP Connection(3)-127.0.0.1] INFO  o.s.web.servlet.DispatcherServlet - Initializing Servlet 'dispatcherServlet'
2026-09-26 13:27:46 [RMI TCP Connection(3)-127.0.0.1] INFO  o.s.web.servlet.DispatcherServlet - Completed initialization in 2 ms
2026-09-26 13:29:40 [SpringApplicationShutdownHook] INFO  o.s.o.j.LocalContainerEntityManagerFactoryBean - Closing JPA EntityManagerFactory for persistence unit 'default'
2026-09-26 13:29:40 [SpringApplicationShutdownHook] INFO  com.zaxxer.hikari.HikariDataSource - HikariPool-1 - Shutdown initiated...
2026-09-26 13:29:40 [SpringApplicationShutdownHook] INFO  com.zaxxer.hikari.HikariDataSource - HikariPool-1 - Shutdown completed.
2026-09-26 13:29:41 [background-preinit] INFO  o.h.validator.internal.util.Version - HV000001: Hibernate Validator 8.0.1.Final
2026-09-26 13:29:41 [main] INFO  c.n.e.EmployeeCvApplication - Starting EmployeeCvApplication using Java 25.0.2 with PID 92464 (/Users/sopheak/IdeaProjects/employee_cv/target/classes started by sopheak in /Users/sopheak/IdeaProjects/employee_cv)
2026-09-26 13:29:41 [main] INFO  c.n.e.EmployeeCvApplication - No active profile set, falling back to 1 default profile: "dev"
2026-09-26 13:29:41 [main] INFO  o.s.d.r.c.RepositoryConfigurationDelegate - Bootstrapping Spring Data JPA repositories in DEFAULT mode.
2026-09-26 13:29:41 [main] INFO  o.s.d.r.c.RepositoryConfigurationDelegate - Finished Spring Data repository scanning in 34 ms. Found 34 JPA repository interfaces.
2026-09-26 13:29:42 [main] INFO  o.s.b.w.e.tomcat.TomcatWebServer - Tomcat initialized with port 8080 (http)
2026-09-26 13:29:42 [main] INFO  o.a.coyote.http11.Http11NioProtocol - Initializing ProtocolHandler ["http-nio-8080"]
2026-09-26 13:29:42 [main] INFO  o.a.catalina.core.StandardService - Starting service [Tomcat]
2026-09-26 13:29:42 [main] INFO  o.a.catalina.core.StandardEngine - Starting Servlet engine: [Apache Tomcat/10.1.19]
2026-09-26 13:29:42 [main] INFO  o.a.c.c.C.[Tomcat].[localhost].[/] - Initializing Spring embedded WebApplicationContext
2026-09-26 13:29:42 [main] INFO  o.s.b.w.s.c.ServletWebServerApplicationContext - Root WebApplicationContext: initialization completed in 628 ms
2026-09-26 13:29:42 [main] INFO  com.zaxxer.hikari.HikariDataSource - HikariPool-1 - Starting...
2026-09-26 13:29:42 [main] INFO  com.zaxxer.hikari.pool.HikariPool - HikariPool-1 - Added connection org.postgresql.jdbc.PgConnection@6fd9dbe6
2026-09-26 13:29:42 [main] INFO  com.zaxxer.hikari.HikariDataSource - HikariPool-1 - Start completed.
2026-09-26 13:29:42 [main] INFO  o.f.c.i.license.VersionPrinter - Flyway Community Edition 9.22.3 by Redgate
2026-09-26 13:29:42 [main] INFO  o.f.c.i.license.VersionPrinter - See release notes here: https://rd.gt/416ObMi
2026-09-26 13:29:42 [main] INFO  o.f.c.i.license.VersionPrinter - 
2026-09-26 13:29:42 [main] INFO  org.flywaydb.core.FlywayExecutor - Database: jdbc:postgresql://localhost:5432/officer_cv (PostgreSQL 18.2)
2026-09-26 13:29:42 [main] WARN  o.f.c.i.database.base.Database - Flyway upgrade recommended: PostgreSQL 18.2 is newer than this version of Flyway and support has not been tested. The latest supported version of PostgreSQL is 15.
2026-09-26 13:29:42 [main] INFO  o.f.core.internal.command.DbValidate - Successfully validated 5 migrations (execution time 00:00.008s)
2026-09-26 13:29:42 [main] INFO  o.f.core.internal.command.DbMigrate - Current version of schema "public": 5
2026-09-26 13:29:42 [main] INFO  o.f.core.internal.command.DbMigrate - Schema "public" is up to date. No migration necessary.
2026-09-26 13:29:42 [main] INFO  o.h.jpa.internal.util.LogHelper - HHH000204: Processing PersistenceUnitInfo [name: default]
2026-09-26 13:29:42 [main] INFO  org.hibernate.Version - HHH000412: Hibernate ORM core version 6.4.4.Final
2026-09-26 13:29:42 [main] INFO  o.h.c.i.RegionFactoryInitiator - HHH000026: Second-level cache disabled
2026-09-26 13:29:42 [main] INFO  o.s.o.j.p.SpringPersistenceUnitInfo - No LoadTimeWeaver setup: ignoring JPA class transformer
2026-09-26 13:29:42 [main] INFO  o.h.e.t.j.p.i.JtaPlatformInitiator - HHH000489: No JTA platform available (set 'hibernate.transaction.jta.platform' to enable JTA platform integration)
2026-09-26 13:29:42 [main] INFO  o.hibernate.orm.connections.access - HHH10001501: Connection obtained from JdbcConnectionAccess [org.hibernate.engine.jdbc.env.internal.JdbcEnvironmentInitiator$ConnectionProviderJdbcConnectionAccess@69c03fa2] for (non-JTA) DDL execution was not in auto-commit mode; the Connection 'local transaction' will be committed and the Connection will be set into auto-commit mode.
2026-09-26 13:29:43 [main] INFO  o.s.o.j.LocalContainerEntityManagerFactoryBean - Initialized JPA EntityManagerFactory for persistence unit 'default'
2026-09-26 13:29:43 [main] INFO  o.s.d.j.r.query.QueryEnhancerFactory - Hibernate is in classpath; If applicable, HQL parser will be used.
2026-09-26 13:29:44 [main] INFO  o.s.b.a.e.web.EndpointLinksResolver - Exposing 2 endpoint(s) beneath base path '/actuator'
2026-09-26 13:29:44 [main] INFO  o.s.s.web.DefaultSecurityFilterChain - Will secure any request with [org.springframework.security.web.session.DisableEncodeUrlFilter@567fd3cd, org.springframework.security.web.context.request.async.WebAsyncManagerIntegrationFilter@b1590ed, org.springframework.security.web.context.SecurityContextHolderFilter@78c6917, org.springframework.security.web.header.HeaderWriterFilter@416628db, org.springframework.web.filter.CorsFilter@366702bc, org.springframework.security.web.authentication.logout.LogoutFilter@724661b1, com.noc.employee_cv.security.LoginRateLimitFilter@55464dd5, com.noc.employee_cv.security.JwtFilter@52a72fb9, org.springframework.security.web.savedrequest.RequestCacheAwareFilter@ca10f2a, org.springframework.security.web.servletapi.SecurityContextHolderAwareRequestFilter@4dda06f0, org.springframework.security.web.authentication.AnonymousAuthenticationFilter@656be542, org.springframework.security.web.session.SessionManagementFilter@5245b69c, org.springframework.security.web.access.ExceptionTranslationFilter@2c8a80ec, org.springframework.security.web.access.intercept.AuthorizationFilter@73f11b47]
2026-09-26 13:29:44 [main] INFO  o.a.coyote.http11.Http11NioProtocol - Starting ProtocolHandler ["http-nio-8080"]
2026-09-26 13:29:44 [main] INFO  o.s.b.w.e.tomcat.TomcatWebServer - Tomcat started on port 8080 (http) with context path ''
2026-09-26 13:29:44 [main] INFO  c.n.e.EmployeeCvApplication - Started EmployeeCvApplication in 3.133 seconds (process running for 3.488)
2026-09-26 13:29:44 [RMI TCP Connection(1)-127.0.0.1] INFO  o.a.c.c.C.[Tomcat].[localhost].[/] - Initializing Spring DispatcherServlet 'dispatcherServlet'
2026-09-26 13:29:44 [RMI TCP Connection(1)-127.0.0.1] INFO  o.s.web.servlet.DispatcherServlet - Initializing Servlet 'dispatcherServlet'
2026-09-26 13:29:44 [RMI TCP Connection(1)-127.0.0.1] INFO  o.s.web.servlet.DispatcherServlet - Completed initialization in 1 ms
2026-09-26 13:30:25 [SpringApplicationShutdownHook] INFO  o.s.o.j.LocalContainerEntityManagerFactoryBean - Closing JPA EntityManagerFactory for persistence unit 'default'
2026-09-26 13:30:25 [SpringApplicationShutdownHook] INFO  com.zaxxer.hikari.HikariDataSource - HikariPool-1 - Shutdown initiated...
2026-09-26 13:30:25 [SpringApplicationShutdownHook] INFO  com.zaxxer.hikari.HikariDataSource - HikariPool-1 - Shutdown completed.
2026-09-26 13:30:26 [background-preinit] INFO  o.h.validator.internal.util.Version - HV000001: Hibernate Validator 8.0.1.Final
2026-09-26 13:30:26 [main] INFO  c.n.e.EmployeeCvApplication - Starting EmployeeCvApplication using Java 25.0.2 with PID 92630 (/Users/sopheak/IdeaProjects/employee_cv/target/classes started by sopheak in /Users/sopheak/IdeaProjects/employee_cv)
2026-09-26 13:30:26 [main] INFO  c.n.e.EmployeeCvApplication - No active profile set, falling back to 1 default profile: "dev"
2026-09-26 13:30:26 [main] INFO  o.s.d.r.c.RepositoryConfigurationDelegate - Bootstrapping Spring Data JPA repositories in DEFAULT mode.
2026-09-26 13:30:26 [main] INFO  o.s.d.r.c.RepositoryConfigurationDelegate - Finished Spring Data repository scanning in 37 ms. Found 34 JPA repository interfaces.
2026-09-26 13:30:27 [main] INFO  o.s.b.w.e.tomcat.TomcatWebServer - Tomcat initialized with port 8080 (http)
2026-09-26 13:30:27 [main] INFO  o.a.coyote.http11.Http11NioProtocol - Initializing ProtocolHandler ["http-nio-8080"]
2026-09-26 13:30:27 [main] INFO  o.a.catalina.core.StandardService - Starting service [Tomcat]
2026-09-26 13:30:27 [main] INFO  o.a.catalina.core.StandardEngine - Starting Servlet engine: [Apache Tomcat/10.1.19]
2026-09-26 13:30:27 [main] INFO  o.a.c.c.C.[Tomcat].[localhost].[/] - Initializing Spring embedded WebApplicationContext
2026-09-26 13:30:27 [main] INFO  o.s.b.w.s.c.ServletWebServerApplicationContext - Root WebApplicationContext: initialization completed in 649 ms
2026-09-26 13:30:27 [main] INFO  com.zaxxer.hikari.HikariDataSource - HikariPool-1 - Starting...
2026-09-26 13:30:27 [main] INFO  com.zaxxer.hikari.pool.HikariPool - HikariPool-1 - Added connection org.postgresql.jdbc.PgConnection@5909ae90
2026-09-26 13:30:27 [main] INFO  com.zaxxer.hikari.HikariDataSource - HikariPool-1 - Start completed.
2026-09-26 13:30:27 [main] INFO  o.f.c.i.license.VersionPrinter - Flyway Community Edition 9.22.3 by Redgate
2026-09-26 13:30:27 [main] INFO  o.f.c.i.license.VersionPrinter - See release notes here: https://rd.gt/416ObMi
2026-09-26 13:30:27 [main] INFO  o.f.c.i.license.VersionPrinter - 
2026-09-26 13:30:27 [main] INFO  org.flywaydb.core.FlywayExecutor - Database: jdbc:postgresql://localhost:5432/officer_cv (PostgreSQL 18.2)
2026-09-26 13:30:27 [main] WARN  o.f.c.i.database.base.Database - Flyway upgrade recommended: PostgreSQL 18.2 is newer than this version of Flyway and support has not been tested. The latest supported version of PostgreSQL is 15.
2026-09-26 13:30:27 [main] INFO  o.f.core.internal.command.DbValidate - Successfully validated 5 migrations (execution time 00:00.010s)
2026-09-26 13:30:27 [main] INFO  o.f.core.internal.command.DbMigrate - Current version of schema "public": 5
2026-09-26 13:30:27 [main] INFO  o.f.core.internal.command.DbMigrate - Schema "public" is up to date. No migration necessary.
2026-09-26 13:30:27 [main] INFO  o.h.jpa.internal.util.LogHelper - HHH000204: Processing PersistenceUnitInfo [name: default]
2026-09-26 13:30:27 [main] INFO  org.hibernate.Version - HHH000412: Hibernate ORM core version 6.4.4.Final
2026-09-26 13:30:27 [main] INFO  o.h.c.i.RegionFactoryInitiator - HHH000026: Second-level cache disabled
2026-09-26 13:30:27 [main] INFO  o.s.o.j.p.SpringPersistenceUnitInfo - No LoadTimeWeaver setup: ignoring JPA class transformer
2026-09-26 13:30:27 [main] INFO  o.h.e.t.j.p.i.JtaPlatformInitiator - HHH000489: No JTA platform available (set 'hibernate.transaction.jta.platform' to enable JTA platform integration)
2026-09-26 13:30:27 [main] INFO  o.hibernate.orm.connections.access - HHH10001501: Connection obtained from JdbcConnectionAccess [org.hibernate.engine.jdbc.env.internal.JdbcEnvironmentInitiator$ConnectionProviderJdbcConnectionAccess@4b6575fd] for (non-JTA) DDL execution was not in auto-commit mode; the Connection 'local transaction' will be committed and the Connection will be set into auto-commit mode.
2026-09-26 13:30:28 [main] INFO  o.s.o.j.LocalContainerEntityManagerFactoryBean - Initialized JPA EntityManagerFactory for persistence unit 'default'
2026-09-26 13:30:28 [main] INFO  o.s.d.j.r.query.QueryEnhancerFactory - Hibernate is in classpath; If applicable, HQL parser will be used.
2026-09-26 13:30:29 [main] INFO  o.s.b.a.e.web.EndpointLinksResolver - Exposing 2 endpoint(s) beneath base path '/actuator'
2026-09-26 13:30:29 [main] INFO  o.s.s.web.DefaultSecurityFilterChain - Will secure any request with [org.springframework.security.web.session.DisableEncodeUrlFilter@2dafce1c, org.springframework.security.web.context.request.async.WebAsyncManagerIntegrationFilter@567fd3cd, org.springframework.security.web.context.SecurityContextHolderFilter@76e13af5, org.springframework.security.web.header.HeaderWriterFilter@e052d85, org.springframework.web.filter.CorsFilter@b1590ed, org.springframework.security.web.authentication.logout.LogoutFilter@51e10d61, com.noc.employee_cv.security.LoginRateLimitFilter@1d7694b9, com.noc.employee_cv.security.JwtFilter@7f6dbff5, org.springframework.security.web.savedrequest.RequestCacheAwareFilter@680107ec, org.springframework.security.web.servletapi.SecurityContextHolderAwareRequestFilter@2d045adb, org.springframework.security.web.authentication.AnonymousAuthenticationFilter@366702bc, org.springframework.security.web.session.SessionManagementFilter@766ad386, org.springframework.security.web.access.ExceptionTranslationFilter@6ba08357, org.springframework.security.web.access.intercept.AuthorizationFilter@25ce8b1d]
2026-09-26 13:30:29 [main] INFO  o.a.coyote.http11.Http11NioProtocol - Starting ProtocolHandler ["http-nio-8080"]
2026-09-26 13:30:29 [main] INFO  o.s.b.w.e.tomcat.TomcatWebServer - Tomcat started on port 8080 (http) with context path ''
2026-09-26 13:30:29 [main] INFO  c.n.e.EmployeeCvApplication - Started EmployeeCvApplication in 3.285 seconds (process running for 3.572)
2026-09-26 13:30:29 [RMI TCP Connection(2)-127.0.0.1] INFO  o.a.c.c.C.[Tomcat].[localhost].[/] - Initializing Spring DispatcherServlet 'dispatcherServlet'
2026-09-26 13:30:29 [RMI TCP Connection(2)-127.0.0.1] INFO  o.s.web.servlet.DispatcherServlet - Initializing Servlet 'dispatcherServlet'
2026-09-26 13:30:29 [RMI TCP Connection(2)-127.0.0.1] INFO  o.s.web.servlet.DispatcherServlet - Completed initialization in 1 ms
2026-09-26 13:34:37 [SpringApplicationShutdownHook] INFO  o.s.o.j.LocalContainerEntityManagerFactoryBean - Closing JPA EntityManagerFactory for persistence unit 'default'
2026-09-26 13:34:37 [SpringApplicationShutdownHook] INFO  com.zaxxer.hikari.HikariDataSource - HikariPool-1 - Shutdown initiated...
2026-09-26 13:34:37 [SpringApplicationShutdownHook] INFO  com.zaxxer.hikari.HikariDataSource - HikariPool-1 - Shutdown completed.
2026-09-26 13:34:38 [background-preinit] INFO  o.h.validator.internal.util.Version - HV000001: Hibernate Validator 8.0.1.Final
2026-09-26 13:34:38 [main] INFO  c.n.e.EmployeeCvApplication - Starting EmployeeCvApplication using Java 25.0.2 with PID 93570 (/Users/sopheak/IdeaProjects/employee_cv/target/classes started by sopheak in /Users/sopheak/IdeaProjects/employee_cv)
2026-09-26 13:34:38 [main] INFO  c.n.e.EmployeeCvApplication - No active profile set, falling back to 1 default profile: "dev"
2026-09-26 13:34:39 [main] INFO  o.s.d.r.c.RepositoryConfigurationDelegate - Bootstrapping Spring Data JPA repositories in DEFAULT mode.
2026-09-26 13:34:39 [main] INFO  o.s.d.r.c.RepositoryConfigurationDelegate - Finished Spring Data repository scanning in 35 ms. Found 34 JPA repository interfaces.
2026-09-26 13:34:39 [main] INFO  o.s.b.w.e.tomcat.TomcatWebServer - Tomcat initialized with port 8080 (http)
2026-09-26 13:34:39 [main] INFO  o.a.coyote.http11.Http11NioProtocol - Initializing ProtocolHandler ["http-nio-8080"]
2026-09-26 13:34:39 [main] INFO  o.a.catalina.core.StandardService - Starting service [Tomcat]
2026-09-26 13:34:39 [main] INFO  o.a.catalina.core.StandardEngine - Starting Servlet engine: [Apache Tomcat/10.1.19]
2026-09-26 13:34:39 [main] INFO  o.a.c.c.C.[Tomcat].[localhost].[/] - Initializing Spring embedded WebApplicationContext
2026-09-26 13:34:39 [main] INFO  o.s.b.w.s.c.ServletWebServerApplicationContext - Root WebApplicationContext: initialization completed in 607 ms
2026-09-26 13:34:39 [main] INFO  com.zaxxer.hikari.HikariDataSource - HikariPool-1 - Starting...
2026-09-26 13:34:39 [main] INFO  com.zaxxer.hikari.pool.HikariPool - HikariPool-1 - Added connection org.postgresql.jdbc.PgConnection@6630dd28
2026-09-26 13:34:39 [main] INFO  com.zaxxer.hikari.HikariDataSource - HikariPool-1 - Start completed.
2026-09-26 13:34:39 [main] INFO  o.f.c.i.license.VersionPrinter - Flyway Community Edition 9.22.3 by Redgate
2026-09-26 13:34:39 [main] INFO  o.f.c.i.license.VersionPrinter - See release notes here: https://rd.gt/416ObMi
2026-09-26 13:34:39 [main] INFO  o.f.c.i.license.VersionPrinter - 
2026-09-26 13:34:39 [main] INFO  org.flywaydb.core.FlywayExecutor - Database: jdbc:postgresql://localhost:5432/officer_cv (PostgreSQL 18.2)
2026-09-26 13:34:39 [main] WARN  o.f.c.i.database.base.Database - Flyway upgrade recommended: PostgreSQL 18.2 is newer than this version of Flyway and support has not been tested. The latest supported version of PostgreSQL is 15.
2026-09-26 13:34:39 [main] INFO  o.f.core.internal.command.DbValidate - Successfully validated 5 migrations (execution time 00:00.008s)
2026-09-26 13:34:39 [main] INFO  o.f.core.internal.command.DbMigrate - Current version of schema "public": 5
2026-09-26 13:34:39 [main] INFO  o.f.core.internal.command.DbMigrate - Schema "public" is up to date. No migration necessary.
2026-09-26 13:34:39 [main] INFO  o.h.jpa.internal.util.LogHelper - HHH000204: Processing PersistenceUnitInfo [name: default]
2026-09-26 13:34:39 [main] INFO  org.hibernate.Version - HHH000412: Hibernate ORM core version 6.4.4.Final
2026-09-26 13:34:39 [main] INFO  o.h.c.i.RegionFactoryInitiator - HHH000026: Second-level cache disabled
2026-09-26 13:34:39 [main] INFO  o.s.o.j.p.SpringPersistenceUnitInfo - No LoadTimeWeaver setup: ignoring JPA class transformer
2026-09-26 13:34:40 [main] INFO  o.h.e.t.j.p.i.JtaPlatformInitiator - HHH000489: No JTA platform available (set 'hibernate.transaction.jta.platform' to enable JTA platform integration)
2026-09-26 13:34:40 [main] INFO  o.hibernate.orm.connections.access - HHH10001501: Connection obtained from JdbcConnectionAccess [org.hibernate.engine.jdbc.env.internal.JdbcEnvironmentInitiator$ConnectionProviderJdbcConnectionAccess@27015621] for (non-JTA) DDL execution was not in auto-commit mode; the Connection 'local transaction' will be committed and the Connection will be set into auto-commit mode.
2026-09-26 13:34:40 [main] INFO  o.s.o.j.LocalContainerEntityManagerFactoryBean - Initialized JPA EntityManagerFactory for persistence unit 'default'
2026-09-26 13:34:40 [main] INFO  o.s.d.j.r.query.QueryEnhancerFactory - Hibernate is in classpath; If applicable, HQL parser will be used.
2026-09-26 13:34:41 [main] INFO  o.s.b.a.e.web.EndpointLinksResolver - Exposing 2 endpoint(s) beneath base path '/actuator'
2026-09-26 13:34:41 [main] INFO  o.s.s.web.DefaultSecurityFilterChain - Will secure any request with [org.springframework.security.web.session.DisableEncodeUrlFilter@726d0305, org.springframework.security.web.context.request.async.WebAsyncManagerIntegrationFilter@25ce8b1d, org.springframework.security.web.context.SecurityContextHolderFilter@766ad386, org.springframework.security.web.header.HeaderWriterFilter@2c549f19, org.springframework.web.filter.CorsFilter@73f11b47, org.springframework.security.web.authentication.logout.LogoutFilter@4771da0b, com.noc.employee_cv.security.LoginRateLimitFilter@284245f4, com.noc.employee_cv.security.JwtFilter@4fcaa4db, org.springframework.security.web.savedrequest.RequestCacheAwareFilter@9ef9c02, org.springframework.security.web.servletapi.SecurityContextHolderAwareRequestFilter@62b22eaa, org.springframework.security.web.authentication.AnonymousAuthenticationFilter@66077611, org.springframework.security.web.session.SessionManagementFilter@353b50cc, org.springframework.security.web.access.ExceptionTranslationFilter@6e3b4713, org.springframework.security.web.access.intercept.AuthorizationFilter@5e3569e8]
2026-09-26 13:34:41 [main] INFO  o.a.coyote.http11.Http11NioProtocol - Starting ProtocolHandler ["http-nio-8080"]
2026-09-26 13:34:41 [main] INFO  o.s.b.w.e.tomcat.TomcatWebServer - Tomcat started on port 8080 (http) with context path ''
2026-09-26 13:34:41 [main] INFO  c.n.e.EmployeeCvApplication - Started EmployeeCvApplication in 3.227 seconds (process running for 3.515)
2026-09-26 13:34:41 [RMI TCP Connection(2)-127.0.0.1] INFO  o.a.c.c.C.[Tomcat].[localhost].[/] - Initializing Spring DispatcherServlet 'dispatcherServlet'
2026-09-26 13:34:41 [RMI TCP Connection(2)-127.0.0.1] INFO  o.s.web.servlet.DispatcherServlet - Initializing Servlet 'dispatcherServlet'
2026-09-26 13:34:41 [RMI TCP Connection(2)-127.0.0.1] INFO  o.s.web.servlet.DispatcherServlet - Completed initialization in 1 ms
2026-09-26 13:39:37 [SpringApplicationShutdownHook] INFO  o.s.o.j.LocalContainerEntityManagerFactoryBean - Closing JPA EntityManagerFactory for persistence unit 'default'
2026-09-26 13:39:37 [SpringApplicationShutdownHook] INFO  com.zaxxer.hikari.HikariDataSource - HikariPool-1 - Shutdown initiated...
2026-09-26 13:39:37 [SpringApplicationShutdownHook] INFO  com.zaxxer.hikari.HikariDataSource - HikariPool-1 - Shutdown completed.
2026-09-26 13:39:38 [background-preinit] INFO  o.h.validator.internal.util.Version - HV000001: Hibernate Validator 8.0.1.Final
2026-09-26 13:39:38 [main] INFO  c.n.e.EmployeeCvApplication - Starting EmployeeCvApplication using Java 25.0.2 with PID 94565 (/Users/sopheak/IdeaProjects/employee_cv/target/classes started by sopheak in /Users/sopheak/IdeaProjects/employee_cv)
2026-09-26 13:39:38 [main] INFO  c.n.e.EmployeeCvApplication - No active profile set, falling back to 1 default profile: "dev"
2026-09-26 13:39:39 [main] INFO  o.s.d.r.c.RepositoryConfigurationDelegate - Bootstrapping Spring Data JPA repositories in DEFAULT mode.
2026-09-26 13:39:39 [main] INFO  o.s.d.r.c.RepositoryConfigurationDelegate - Finished Spring Data repository scanning in 36 ms. Found 34 JPA repository interfaces.
2026-09-26 13:39:39 [main] INFO  o.s.b.w.e.tomcat.TomcatWebServer - Tomcat initialized with port 8080 (http)
2026-09-26 13:39:39 [main] INFO  o.a.coyote.http11.Http11NioProtocol - Initializing ProtocolHandler ["http-nio-8080"]
2026-09-26 13:39:39 [main] INFO  o.a.catalina.core.StandardService - Starting service [Tomcat]
2026-09-26 13:39:39 [main] INFO  o.a.catalina.core.StandardEngine - Starting Servlet engine: [Apache Tomcat/10.1.19]
2026-09-26 13:39:39 [main] INFO  o.a.c.c.C.[Tomcat].[localhost].[/] - Initializing Spring embedded WebApplicationContext
2026-09-26 13:39:39 [main] INFO  o.s.b.w.s.c.ServletWebServerApplicationContext - Root WebApplicationContext: initialization completed in 646 ms
2026-09-26 13:39:39 [main] INFO  com.zaxxer.hikari.HikariDataSource - HikariPool-1 - Starting...
2026-09-26 13:39:39 [main] INFO  com.zaxxer.hikari.pool.HikariPool - HikariPool-1 - Added connection org.postgresql.jdbc.PgConnection@70022d44
2026-09-26 13:39:39 [main] INFO  com.zaxxer.hikari.HikariDataSource - HikariPool-1 - Start completed.
2026-09-26 13:39:39 [main] INFO  o.f.c.i.license.VersionPrinter - Flyway Community Edition 9.22.3 by Redgate
2026-09-26 13:39:39 [main] INFO  o.f.c.i.license.VersionPrinter - See release notes here: https://rd.gt/416ObMi
2026-09-26 13:39:39 [main] INFO  o.f.c.i.license.VersionPrinter - 
2026-09-26 13:39:39 [main] INFO  org.flywaydb.core.FlywayExecutor - Database: jdbc:postgresql://localhost:5432/officer_cv (PostgreSQL 18.2)
2026-09-26 13:39:39 [main] WARN  o.f.c.i.database.base.Database - Flyway upgrade recommended: PostgreSQL 18.2 is newer than this version of Flyway and support has not been tested. The latest supported version of PostgreSQL is 15.
2026-09-26 13:39:39 [main] INFO  o.f.core.internal.command.DbValidate - Successfully validated 5 migrations (execution time 00:00.010s)
2026-09-26 13:39:39 [main] INFO  o.f.core.internal.command.DbMigrate - Current version of schema "public": 5
2026-09-26 13:39:39 [main] INFO  o.f.core.internal.command.DbMigrate - Schema "public" is up to date. No migration necessary.
2026-09-26 13:39:39 [main] INFO  o.h.jpa.internal.util.LogHelper - HHH000204: Processing PersistenceUnitInfo [name: default]
2026-09-26 13:39:39 [main] INFO  org.hibernate.Version - HHH000412: Hibernate ORM core version 6.4.4.Final
2026-09-26 13:39:39 [main] INFO  o.h.c.i.RegionFactoryInitiator - HHH000026: Second-level cache disabled
2026-09-26 13:39:40 [main] INFO  o.s.o.j.p.SpringPersistenceUnitInfo - No LoadTimeWeaver setup: ignoring JPA class transformer
2026-09-26 13:39:40 [main] INFO  o.h.e.t.j.p.i.JtaPlatformInitiator - HHH000489: No JTA platform available (set 'hibernate.transaction.jta.platform' to enable JTA platform integration)
2026-09-26 13:39:40 [main] INFO  o.hibernate.orm.connections.access - HHH10001501: Connection obtained from JdbcConnectionAccess [org.hibernate.engine.jdbc.env.internal.JdbcEnvironmentInitiator$ConnectionProviderJdbcConnectionAccess@7cfb255] for (non-JTA) DDL execution was not in auto-commit mode; the Connection 'local transaction' will be committed and the Connection will be set into auto-commit mode.
2026-09-26 13:39:40 [main] INFO  o.s.o.j.LocalContainerEntityManagerFactoryBean - Initialized JPA EntityManagerFactory for persistence unit 'default'
2026-09-26 13:39:40 [main] INFO  o.s.d.j.r.query.QueryEnhancerFactory - Hibernate is in classpath; If applicable, HQL parser will be used.
2026-09-26 13:39:41 [main] INFO  o.s.b.a.e.web.EndpointLinksResolver - Exposing 2 endpoint(s) beneath base path '/actuator'
2026-09-26 13:39:41 [main] INFO  o.s.s.web.DefaultSecurityFilterChain - Will secure any request with [org.springframework.security.web.session.DisableEncodeUrlFilter@72752c99, org.springframework.security.web.context.request.async.WebAsyncManagerIntegrationFilter@5ecf2f06, org.springframework.security.web.context.SecurityContextHolderFilter@508b4121, org.springframework.security.web.header.HeaderWriterFilter@945a6a9, org.springframework.web.filter.CorsFilter@4058fff2, org.springframework.security.web.authentication.logout.LogoutFilter@33f91a7c, com.noc.employee_cv.security.LoginRateLimitFilter@2bed7200, com.noc.employee_cv.security.JwtFilter@1007c1c9, org.springframework.security.web.savedrequest.RequestCacheAwareFilter@3fb39d03, org.springframework.security.web.servletapi.SecurityContextHolderAwareRequestFilter@559207b2, org.springframework.security.web.authentication.AnonymousAuthenticationFilter@57f8c3a, org.springframework.security.web.session.SessionManagementFilter@3d6e7acc, org.springframework.security.web.access.ExceptionTranslationFilter@1d8f3368, org.springframework.security.web.access.intercept.AuthorizationFilter@498785eb]
2026-09-26 13:39:41 [main] INFO  o.a.coyote.http11.Http11NioProtocol - Starting ProtocolHandler ["http-nio-8080"]
2026-09-26 13:39:41 [main] INFO  o.s.b.w.e.tomcat.TomcatWebServer - Tomcat started on port 8080 (http) with context path ''
2026-09-26 13:39:41 [main] INFO  c.n.e.EmployeeCvApplication - Started EmployeeCvApplication in 3.16 seconds (process running for 3.543)
2026-09-26 13:39:42 [RMI TCP Connection(4)-127.0.0.1] INFO  o.a.c.c.C.[Tomcat].[localhost].[/] - Initializing Spring DispatcherServlet 'dispatcherServlet'
2026-09-26 13:39:42 [RMI TCP Connection(4)-127.0.0.1] INFO  o.s.web.servlet.DispatcherServlet - Initializing Servlet 'dispatcherServlet'
2026-09-26 13:39:42 [RMI TCP Connection(4)-127.0.0.1] INFO  o.s.web.servlet.DispatcherServlet - Completed initialization in 0 ms
2026-09-26 13:43:29 [SpringApplicationShutdownHook] INFO  o.s.o.j.LocalContainerEntityManagerFactoryBean - Closing JPA EntityManagerFactory for persistence unit 'default'
2026-09-26 13:43:29 [SpringApplicationShutdownHook] INFO  com.zaxxer.hikari.HikariDataSource - HikariPool-1 - Shutdown initiated...
2026-09-26 13:43:29 [SpringApplicationShutdownHook] INFO  com.zaxxer.hikari.HikariDataSource - HikariPool-1 - Shutdown completed.
2026-09-26 13:43:31 [background-preinit] INFO  o.h.validator.internal.util.Version - HV000001: Hibernate Validator 8.0.1.Final
2026-09-26 13:43:31 [main] INFO  c.n.e.EmployeeCvApplication - Starting EmployeeCvApplication using Java 25.0.2 with PID 95383 (/Users/sopheak/IdeaProjects/employee_cv/target/classes started by sopheak in /Users/sopheak/IdeaProjects/employee_cv)
2026-09-26 13:43:31 [main] INFO  c.n.e.EmployeeCvApplication - No active profile set, falling back to 1 default profile: "dev"
2026-09-26 13:43:31 [main] INFO  o.s.d.r.c.RepositoryConfigurationDelegate - Bootstrapping Spring Data JPA repositories in DEFAULT mode.
2026-09-26 13:43:31 [main] INFO  o.s.d.r.c.RepositoryConfigurationDelegate - Finished Spring Data repository scanning in 36 ms. Found 34 JPA repository interfaces.
2026-09-26 13:43:31 [main] INFO  o.s.b.w.e.tomcat.TomcatWebServer - Tomcat initialized with port 8080 (http)
2026-09-26 13:43:31 [main] INFO  o.a.coyote.http11.Http11NioProtocol - Initializing ProtocolHandler ["http-nio-8080"]
2026-09-26 13:43:31 [main] INFO  o.a.catalina.core.StandardService - Starting service [Tomcat]
2026-09-26 13:43:31 [main] INFO  o.a.catalina.core.StandardEngine - Starting Servlet engine: [Apache Tomcat/10.1.19]
2026-09-26 13:43:31 [main] INFO  o.a.c.c.C.[Tomcat].[localhost].[/] - Initializing Spring embedded WebApplicationContext
2026-09-26 13:43:31 [main] INFO  o.s.b.w.s.c.ServletWebServerApplicationContext - Root WebApplicationContext: initialization completed in 590 ms
2026-09-26 13:43:31 [main] INFO  com.zaxxer.hikari.HikariDataSource - HikariPool-1 - Starting...
2026-09-26 13:43:31 [main] INFO  com.zaxxer.hikari.pool.HikariPool - HikariPool-1 - Added connection org.postgresql.jdbc.PgConnection@5f2b9da8
2026-09-26 13:43:31 [main] INFO  com.zaxxer.hikari.HikariDataSource - HikariPool-1 - Start completed.
2026-09-26 13:43:31 [main] INFO  o.f.c.i.license.VersionPrinter - Flyway Community Edition 9.22.3 by Redgate
2026-09-26 13:43:31 [main] INFO  o.f.c.i.license.VersionPrinter - See release notes here: https://rd.gt/416ObMi
2026-09-26 13:43:31 [main] INFO  o.f.c.i.license.VersionPrinter - 
2026-09-26 13:43:31 [main] INFO  org.flywaydb.core.FlywayExecutor - Database: jdbc:postgresql://localhost:5432/officer_cv (PostgreSQL 18.2)
2026-09-26 13:43:31 [main] WARN  o.f.c.i.database.base.Database - Flyway upgrade recommended: PostgreSQL 18.2 is newer than this version of Flyway and support has not been tested. The latest supported version of PostgreSQL is 15.
2026-09-26 13:43:31 [main] INFO  o.f.core.internal.command.DbValidate - Successfully validated 5 migrations (execution time 00:00.008s)
2026-09-26 13:43:31 [main] INFO  o.f.core.internal.command.DbMigrate - Current version of schema "public": 5
2026-09-26 13:43:31 [main] INFO  o.f.core.internal.command.DbMigrate - Schema "public" is up to date. No migration necessary.
2026-09-26 13:43:31 [main] INFO  o.h.jpa.internal.util.LogHelper - HHH000204: Processing PersistenceUnitInfo [name: default]
2026-09-26 13:43:31 [main] INFO  org.hibernate.Version - HHH000412: Hibernate ORM core version 6.4.4.Final
2026-09-26 13:43:31 [main] INFO  o.h.c.i.RegionFactoryInitiator - HHH000026: Second-level cache disabled
2026-09-26 13:43:31 [main] INFO  o.s.o.j.p.SpringPersistenceUnitInfo - No LoadTimeWeaver setup: ignoring JPA class transformer
2026-09-26 13:43:32 [main] INFO  o.h.e.t.j.p.i.JtaPlatformInitiator - HHH000489: No JTA platform available (set 'hibernate.transaction.jta.platform' to enable JTA platform integration)
2026-09-26 13:43:32 [main] INFO  o.hibernate.orm.connections.access - HHH10001501: Connection obtained from JdbcConnectionAccess [org.hibernate.engine.jdbc.env.internal.JdbcEnvironmentInitiator$ConnectionProviderJdbcConnectionAccess@27015621] for (non-JTA) DDL execution was not in auto-commit mode; the Connection 'local transaction' will be committed and the Connection will be set into auto-commit mode.
2026-09-26 13:43:32 [main] INFO  o.s.o.j.LocalContainerEntityManagerFactoryBean - Initialized JPA EntityManagerFactory for persistence unit 'default'
2026-09-26 13:43:32 [main] INFO  o.s.d.j.r.query.QueryEnhancerFactory - Hibernate is in classpath; If applicable, HQL parser will be used.
2026-09-26 13:43:33 [main] INFO  o.s.b.a.e.web.EndpointLinksResolver - Exposing 2 endpoint(s) beneath base path '/actuator'
2026-09-26 13:43:33 [main] INFO  o.s.s.web.DefaultSecurityFilterChain - Will secure any request with [org.springframework.security.web.session.DisableEncodeUrlFilter@7624028, org.springframework.security.web.context.request.async.WebAsyncManagerIntegrationFilter@726d0305, org.springframework.security.web.context.SecurityContextHolderFilter@559207b2, org.springframework.security.web.header.HeaderWriterFilter@6ba08357, org.springframework.web.filter.CorsFilter@25ce8b1d, org.springframework.security.web.authentication.logout.LogoutFilter@68c5db1, com.noc.employee_cv.security.LoginRateLimitFilter@379b92ee, com.noc.employee_cv.security.JwtFilter@6cbce551, org.springframework.security.web.savedrequest.RequestCacheAwareFilter@29b99c50, org.springframework.security.web.servletapi.SecurityContextHolderAwareRequestFilter@78c6917, org.springframework.security.web.authentication.AnonymousAuthenticationFilter@73f11b47, org.springframework.security.web.session.SessionManagementFilter@8cc95c5, org.springframework.security.web.access.ExceptionTranslationFilter@22fcd4d7, org.springframework.security.web.access.intercept.AuthorizationFilter@57f8c3a]
2026-09-26 13:43:33 [main] INFO  o.a.coyote.http11.Http11NioProtocol - Starting ProtocolHandler ["http-nio-8080"]
2026-09-26 13:43:33 [main] INFO  o.s.b.w.e.tomcat.TomcatWebServer - Tomcat started on port 8080 (http) with context path ''
2026-09-26 13:43:33 [main] INFO  c.n.e.EmployeeCvApplication - Started EmployeeCvApplication in 3.211 seconds (process running for 3.581)
2026-09-26 13:43:34 [RMI TCP Connection(1)-127.0.0.1] INFO  o.a.c.c.C.[Tomcat].[localhost].[/] - Initializing Spring DispatcherServlet 'dispatcherServlet'
2026-09-26 13:43:34 [RMI TCP Connection(1)-127.0.0.1] INFO  o.s.web.servlet.DispatcherServlet - Initializing Servlet 'dispatcherServlet'
2026-09-26 13:43:34 [RMI TCP Connection(1)-127.0.0.1] INFO  o.s.web.servlet.DispatcherServlet - Completed initialization in 1 ms
2026-09-26 13:49:29 [SpringApplicationShutdownHook] INFO  o.s.o.j.LocalContainerEntityManagerFactoryBean - Closing JPA EntityManagerFactory for persistence unit 'default'
2026-09-26 13:49:29 [SpringApplicationShutdownHook] INFO  com.zaxxer.hikari.HikariDataSource - HikariPool-1 - Shutdown initiated...
2026-09-26 13:49:29 [SpringApplicationShutdownHook] INFO  com.zaxxer.hikari.HikariDataSource - HikariPool-1 - Shutdown completed.
2026-09-26 13:49:31 [background-preinit] INFO  o.h.validator.internal.util.Version - HV000001: Hibernate Validator 8.0.1.Final
2026-09-26 13:49:31 [main] INFO  c.n.e.EmployeeCvApplication - Starting EmployeeCvApplication using Java 25.0.2 with PID 96772 (/Users/sopheak/IdeaProjects/employee_cv/target/classes started by sopheak in /Users/sopheak/IdeaProjects/employee_cv)
2026-09-26 13:49:31 [main] INFO  c.n.e.EmployeeCvApplication - No active profile set, falling back to 1 default profile: "dev"
2026-09-26 13:49:31 [main] INFO  o.s.d.r.c.RepositoryConfigurationDelegate - Bootstrapping Spring Data JPA repositories in DEFAULT mode.
2026-09-26 13:49:31 [main] INFO  o.s.d.r.c.RepositoryConfigurationDelegate - Finished Spring Data repository scanning in 43 ms. Found 34 JPA repository interfaces.
2026-09-26 13:49:31 [main] INFO  o.s.b.w.e.tomcat.TomcatWebServer - Tomcat initialized with port 8080 (http)
2026-09-26 13:49:31 [main] INFO  o.a.coyote.http11.Http11NioProtocol - Initializing ProtocolHandler ["http-nio-8080"]
2026-09-26 13:49:31 [main] INFO  o.a.catalina.core.StandardService - Starting service [Tomcat]
2026-09-26 13:49:31 [main] INFO  o.a.catalina.core.StandardEngine - Starting Servlet engine: [Apache Tomcat/10.1.19]
2026-09-26 13:49:31 [main] INFO  o.a.c.c.C.[Tomcat].[localhost].[/] - Initializing Spring embedded WebApplicationContext
2026-09-26 13:49:31 [main] INFO  o.s.b.w.s.c.ServletWebServerApplicationContext - Root WebApplicationContext: initialization completed in 703 ms
2026-09-26 13:49:31 [main] INFO  com.zaxxer.hikari.HikariDataSource - HikariPool-1 - Starting...
2026-09-26 13:49:31 [main] INFO  com.zaxxer.hikari.pool.HikariPool - HikariPool-1 - Added connection org.postgresql.jdbc.PgConnection@5d5574c7
2026-09-26 13:49:31 [main] INFO  com.zaxxer.hikari.HikariDataSource - HikariPool-1 - Start completed.
2026-09-26 13:49:31 [main] INFO  o.f.c.i.license.VersionPrinter - Flyway Community Edition 9.22.3 by Redgate
2026-09-26 13:49:31 [main] INFO  o.f.c.i.license.VersionPrinter - See release notes here: https://rd.gt/416ObMi
2026-09-26 13:49:31 [main] INFO  o.f.c.i.license.VersionPrinter - 
2026-09-26 13:49:31 [main] INFO  org.flywaydb.core.FlywayExecutor - Database: jdbc:postgresql://localhost:5432/officer_cv (PostgreSQL 18.2)
2026-09-26 13:49:31 [main] WARN  o.f.c.i.database.base.Database - Flyway upgrade recommended: PostgreSQL 18.2 is newer than this version of Flyway and support has not been tested. The latest supported version of PostgreSQL is 15.
2026-09-26 13:49:31 [main] INFO  o.f.core.internal.command.DbValidate - Successfully validated 5 migrations (execution time 00:00.010s)
2026-09-26 13:49:31 [main] INFO  o.f.core.internal.command.DbMigrate - Current version of schema "public": 5
2026-09-26 13:49:31 [main] INFO  o.f.core.internal.command.DbMigrate - Schema "public" is up to date. No migration necessary.
2026-09-26 13:49:31 [main] INFO  o.h.jpa.internal.util.LogHelper - HHH000204: Processing PersistenceUnitInfo [name: default]
2026-09-26 13:49:32 [main] INFO  org.hibernate.Version - HHH000412: Hibernate ORM core version 6.4.4.Final
2026-09-26 13:49:32 [main] INFO  o.h.c.i.RegionFactoryInitiator - HHH000026: Second-level cache disabled
2026-09-26 13:49:32 [main] INFO  o.s.o.j.p.SpringPersistenceUnitInfo - No LoadTimeWeaver setup: ignoring JPA class transformer
2026-09-26 13:49:32 [main] INFO  o.h.e.t.j.p.i.JtaPlatformInitiator - HHH000489: No JTA platform available (set 'hibernate.transaction.jta.platform' to enable JTA platform integration)
2026-09-26 13:49:32 [main] INFO  o.hibernate.orm.connections.access - HHH10001501: Connection obtained from JdbcConnectionAccess [org.hibernate.engine.jdbc.env.internal.JdbcEnvironmentInitiator$ConnectionProviderJdbcConnectionAccess@13e76a91] for (non-JTA) DDL execution was not in auto-commit mode; the Connection 'local transaction' will be committed and the Connection will be set into auto-commit mode.
2026-09-26 13:49:32 [main] INFO  o.s.o.j.LocalContainerEntityManagerFactoryBean - Initialized JPA EntityManagerFactory for persistence unit 'default'
2026-09-26 13:49:32 [main] INFO  o.s.d.j.r.query.QueryEnhancerFactory - Hibernate is in classpath; If applicable, HQL parser will be used.
2026-09-26 13:49:33 [main] INFO  o.s.b.a.e.web.EndpointLinksResolver - Exposing 2 endpoint(s) beneath base path '/actuator'
2026-09-26 13:49:33 [main] INFO  o.s.s.web.DefaultSecurityFilterChain - Will secure any request with [org.springframework.security.web.session.DisableEncodeUrlFilter@73f11b47, org.springframework.security.web.context.request.async.WebAsyncManagerIntegrationFilter@66077611, org.springframework.security.web.context.SecurityContextHolderFilter@6cd3a9ef, org.springframework.security.web.header.HeaderWriterFilter@26174f13, org.springframework.web.filter.CorsFilter@7ce834ff, org.springframework.security.web.authentication.logout.LogoutFilter@2390128e, com.noc.employee_cv.security.LoginRateLimitFilter@2bed7200, com.noc.employee_cv.security.JwtFilter@1007c1c9, org.springframework.security.web.savedrequest.RequestCacheAwareFilter@78c6917, org.springframework.security.web.servletapi.SecurityContextHolderAwareRequestFilter@680107ec, org.springframework.security.web.authentication.AnonymousAuthenticationFilter@2dafce1c, org.springframework.security.web.session.SessionManagementFilter@564e48a7, org.springframework.security.web.access.ExceptionTranslationFilter@5ca37208, org.springframework.security.web.access.intercept.AuthorizationFilter@7e051d8e]
2026-09-26 13:49:34 [main] INFO  o.a.coyote.http11.Http11NioProtocol - Starting ProtocolHandler ["http-nio-8080"]
2026-09-26 13:49:34 [main] INFO  o.s.b.w.e.tomcat.TomcatWebServer - Tomcat started on port 8080 (http) with context path ''
2026-09-26 13:49:34 [main] INFO  c.n.e.EmployeeCvApplication - Started EmployeeCvApplication in 3.38 seconds (process running for 3.684)
2026-09-26 13:49:34 [RMI TCP Connection(1)-127.0.0.1] INFO  o.a.c.c.C.[Tomcat].[localhost].[/] - Initializing Spring DispatcherServlet 'dispatcherServlet'
2026-09-26 13:49:34 [RMI TCP Connection(1)-127.0.0.1] INFO  o.s.web.servlet.DispatcherServlet - Initializing Servlet 'dispatcherServlet'
2026-09-26 13:49:34 [RMI TCP Connection(1)-127.0.0.1] INFO  o.s.web.servlet.DispatcherServlet - Completed initialization in 0 ms
